HouseholdCommercialShipID,TotalsampleweightKG,Amountwillingtopayforrubbishbag,Amountwillingtopayforwastecollection,AreaorIslandName,Collectionservicerating,DailyDiet1,DailyDiet2,DailyDiet3,Diet1source,Diet2source,Diet3source,Electricityexpensesper,EstimatedMonthlyIncome,GarbageCollectionType,GroceryexpensesUS,Groceryexpensesper,HouseOwnership,HouseholdGPSlatitude,HouseholdGPSlongitude,Incomesource,InformationreceivedaboutWasteCollectionServices,MonthlyIncomeUS,NumberofBins,Numberofemployedpeopleinfamily,Numberofpeopleinhousehold,Radio,Reasonforrating,RecordID,Softdrinkcansperweek,Suggestionsforimprovement,Supportforlevy,Supportforrubbishbag,SurveyDate,Totalelectricityexpenses,Transportationexpensesper,Transportationexpensestotal,WasteDisposalMethodBulky,WasteDisposalMethodGeneral,WasteDisposalMethodNappies,WasteDisposalMethodGreen,WasteLevelwhencollectionarrives,Wasteburned,Waterbottlesperweek,Weather,WeeklyElectricityexpenses,WeeklyGroceryExpenses,WeeklyTransportationExpenses,GeneralWasteCollect,GreenWasteCollect,SanitaryWasteCollect,BulkyWasteCollect,GeneralWasteTransport,GreenWasteTransport,SanitaryWasteTransport,BulkyWasteTransport,GeneralWasteDump,GreenWasteDump,SanitaryWasteDump,BulkyWasteDump,GeneralWasteBury,GreenWasteBury,SanitaryWasteBury,BulkyWasteBury,GeneralWasteBurn,GreenWasteBurn,SanitaryWasteBurn,BulkyWasteBurn,GeneralWasteWater,GreenWasteWater,SanitaryWasteWater,BulkyWasteWater,Collect,ïHouseholdCommercialShipID
LH60_Van,2.347,100,1000,Lelepa,,,,,Buy,Local,,Solar,20000,None,43.87815,,,-17.60097,168.21058,Fishing,,175.5126,3,2,,,,1,2,,Yes,Yes,15/11/2018,,,,,,,,,Yes,10,,,5000,,0,0,0,0,0,0,0,0,0,0,0,0,0,0,0,0,0,0,0,0,0,0,0,0,0,
LH59_Van,2.752,100,2000,Lelepa,,,,,Buy,Local,,Solar,35000,None,52.65378,,,-17.60097,168.21058,Work,,307.14705,1,1,,,,2,5,,Yes,Yes,15/11/2018,,,,,,Dump it,,,Yes,10,,,6000,3000,0,0,0,0,0,0,0,0,0,0,1,0,0,0,0,0,0,0,0,0,0,0,0,0,0,
LH58_Van,0.531,100,2000,Lelepa,,,,,Buy,Local,,Solar,20000,None,35.10252,,,-17.60097,168.21058,Self Emplyment,,175.5126,,1,,,,3,3,,Yes,Yes,15/11/2018,,,,,,Dump it,,Plastic,Yes,7,,,4000,2000,0,0,0,0,0,0,0,0,0,0,1,0,0,0,0,0,0,0,0,0,0,0,0,0,0,
LH57_Van,0.307,70,100,Lelepa,,,,,Buy,Local,,Solar,30000,None,43.87815,,,-17.60097,168.21058,Art Craft,,263.2689,1,1,,,,4,1,,Yes,Yes,15/11/2018,,,,,,Dump,,,,6,,,5000,2000,0,0,0,0,0,0,0,0,0,0,1,0,0,0,0,0,0,0,0,0,0,0,0,0,0,
LH56_Van,1.98,,,Lelepa,,,,,,,,500,15000,None,26.32689,,,-17.60097,168.21058,Resort - hotel,,131.63445,2,1,,,,5,2,,,Yes,15/11/2018,,,,,Burn,Burn under the ground in the bush,,,No,4,,,3000,600,0,0,0,0,0,0,0,0,0,0,1,0,0,0,0,0,1,0,1,0,0,0,0,0,0,
LH55_Van,0.133,100,1000,Lelepa,,,,,Buy,Local,,Solar,50000,None,35.10252,,,-17.60097,168.21058,Working,,438.7815,2,2,,,,6,4,,Yes,Yes,15/11/2018,,,,,Burn,Dump,No,,,11,,,4000,2000,0,0,0,0,0,0,0,0,0,0,1,0,0,0,0,0,1,0,0,0,0,0,0,0,0,
LH54_Van,0.066,100,1000,Lelepa,,,,,Buy,Local food,,Solar,5000,None,26.32689,,,-17.60097,168.21058,Tourism,,43.87815,2,,,,,7,0,,Yes,Yes,15/11/2018,,,,,,Dump,,,,6,,,3000,1000,0,0,0,0,0,0,0,0,0,0,1,0,0,0,0,0,0,0,0,0,0,0,0,0,0,
LH53_Van,0.893,50,1000,Lelepa,,,,,Buy food,Local,,Solar,50000,None,17.55126,,,-17.60097,168.21058,Government Employed,,438.7815,,1,,,,8,,,Yes,Yes,15/11/2018,,,,,Burnt,Dump,Burnt,,,,,,2000,3200,0,0,0,0,0,0,0,0,0,0,1,0,0,0,0,0,1,1,0,0,0,0,0,0,0,
LH51_Van,2.829,,2000,Lelepa,,,,,Buy,Local,,,20000,None,17.55126,,,-17.60097,168.21058,Tourist,,175.5126,,,,,,10,0,,Yes,Yes,15/11/2018,,,,,,,,,,8,,,2000,1000,0,0,0,0,0,0,0,0,0,0,0,0,0,0,0,0,0,0,0,0,0,0,0,0,0,
LH50_Van,0.475,100,1000,Lelepa,,,,,Buy,Local,,Solar,15000,None,17.55126,,,-17.60097,168.21058,Self Employment,,131.63445,3,1,,,,11,,,Yes,Yes,15/11/2018,,,,Dump,,,Pigs,,,,,,2000,1000,0,0,0,0,0,0,0,0,0,0,0,1,0,0,0,0,0,0,0,0,0,0,0,0,0,
LH49_Van,0.244,100,2000,Lelepa,,Rice& Tins,Group local,Fish,Buy,Produce,,Solar light,150000,None,17.55126,,Own,-17.60097,168.21058,Fishing - Own business ,,1316.3445,,,,,,12,3,,Yes& Clean our environment& recycle for money,Yes,15/11/2018,,,,,Burn,,Burn,,,5,,,2000,800,0,0,0,0,0,0,0,0,0,0,0,0,0,0,0,0,1,1,0,0,0,0,0,0,0,
LH48_Van,1.852,50,50,Lelepa,,Manihot lano,Fish,Chicken,Produce,Produce,Produce and buy,,40000,None,8.77563,,Own,-17.60097,168.21058,Employment,,351.0252,Cardboard box,2,4,,,13,4,,Yes& highly support this government inititive if intriduced in the future,Yes& good if eventually introdced,,,,,,,,Burn on Popie island,,,0,,,1000,,0,0,0,0,0,0,0,0,0,0,0,0,0,0,0,0,0,1,0,0,0,0,0,0,0,
LH46_Van,0.606,50,200,Lelepa,,,,,,,,,2500,None,,,,-17.60097,168.21058,Tourism,,21.939075,1,,2,,,14,,,Yes,,15/11/2018,,,,Burn,Burn,Burn,Burn,,,,,,,,0,0,0,0,0,0,0,0,0,0,0,0,0,0,0,0,1,1,1,1,0,0,0,0,0,
H50_Van,9.734,100,1000,Port Vila 3,10,,,,Buy,Buy,Buy,Month,100000,User Pays,175.5126,,Own,-17.74842,168.31775,Air ports Vanuatu,,877.563,1 plastic bag,2,6,Yes,Collection is good,15,4.5,,Yes,Yes,16/11/2018,2000,,,Buy private truck,Into plastic bags (Yellow),into yellow bag,Compost ,,,4,Sunny,,20000,3000,1,0,1,0,0,0,0,1,0,0,0,0,0,0,0,0,0,0,0,0,0,0,1,0,1,
LV08_Van,5.87,,,Luganville,,,,,,,,,,User Pays,,,,-15.51457,167.20198,,,,,,,,,104,,,,,19/11/2018,,,,,,,,,,,,,,,0,0,0,0,0,0,0,0,0,0,0,0,0,0,0,0,0,0,0,0,0,0,0,0,0,
H49_Van,7.654,,,Port Vila 3,10,,,,Buy,Buy,Buy,Month,60000,User Pays,131.63445,,Own,-17.75041,168.31750,Works at the ministry of ,,526.5378,1-2 Plastic bag each day of collection,,,Yes,Their collection is good,16,2.5,,,,16/11/2018,6000,,,Into yellow plastic bag,Into yellow plastic bag,Into yellow plastic bag,Compost,,,4.5,,,15000,2000,1,0,1,1,0,0,0,0,0,0,0,0,0,0,0,0,0,0,0,0,0,0,1,1,1,
H48_Van,10.684,,,Port Vila 3,10,,,,Buy,Buy,Buy,Month,200000,User Pays,219.39075,,Own,-17.75129,168.31878,Lawer,,1755.126,2 3,2,,No,Collection is good ,17,0,They should provide hand glove for their staff because they are working without proper safety equpment ,,,16/11/2018,6000,,,Bring to landfill by myself,into yellow bag,none at the moment,Compost,,,7.5,,,25000,3500,1,0,0,0,0,0,0,1,0,0,0,0,0,0,0,0,0,0,0,0,0,0,0,0,1,
H47_Van,4.238,,,Port Vila 3,10,,,,Buy,Buy,Buy,Month,100000,User Pays,175.5126,,Own,-17.75106,168.31898,Sewage removal truck,,877.563,2 4 plastic bags,1,,Yes,They always collect,18,4.5,,,,,10000,,,into plastic bags,into plastic bags,into plastic bags,into plastic bags,,,7.5,Sunny,,20000,8000,1,1,1,1,0,0,0,0,0,0,0,0,0,0,0,0,0,0,0,0,0,0,1,1,1,
H46_Van,26.966,,,Port Vila 3,7,,,,Buy,Buy,Buy,Month,40000,User Pays,175.5126,,Own,-17.75251,168.31806,Aou-pou Bakery,,351.0252,1-2 plastic bags during collection day,2,,Yes,Sometimes they don't collect for a few days,19,1,They should always follow their schedual because when they don't the waste smells,,,16/11/2018,6000,,,Pay for private to collect,Into Yellow,Into Yellow bags,Burn,,,3.5,Sunny,,20000,2000,1,0,1,1,0,0,0,1,0,0,0,0,0,0,0,0,0,1,0,0,0,0,1,1,1,
H45_Van,11.282,,,Port Vila 3,10,,,,Buy,Buy,Buy,Month,36000,User Pays,175.5126,,Own,-17.73143,168.31336,NGO,,315.92268,1 plastic each collect day,4,,Yes,We live close to the municipal work shop so they always collect our yellow bags,20,3,,,,16/11/2018,4000,,,Into yellow bags,Into yellow bags,Into yellow bags,Into yellow bags,,,7.5,Sunny,,20000,6000,1,1,1,1,0,0,0,0,0,0,0,0,0,0,0,0,0,0,0,0,0,0,1,1,1,
H44_Van,8.004,,,Port Vila 3,10,,,,Buy,Buy,Buy,Month,50000,User Pays,131.63445,,,-17.73036,168.31470,Bus Driver,,438.7815,2-3 Plastic bags each collection day,2,,,Because we are close to the municipal workshop so they always collect,21,3,,,,16/11/2018,5000,,,Into yellow bags,Into yellow bags,Into yellow bags,Compsot,,,4,Sunny,,15000,1000,1,0,1,1,0,0,0,0,0,0,0,0,0,0,0,0,0,0,0,0,0,0,1,1,1,
H43_Van,6.052,,,Port Vila 3,10,,,,Buy,Buy,Buy,I Don't know as the landlord pays these bills,,User Pays,131.63445,,Rent,-17.73036,168.31470,Lawer,,,1 plastic a week,1,,Yes,Collection is good,22,3.5,,,,16/11/2018,,,,,Into plastic yellow bag,,,,,6.5,Sunny,,15000,3000,1,0,0,0,0,0,0,0,0,0,0,0,0,0,0,0,0,0,0,0,0,0,0,0,1,
H42_Van,7.258,,,Port Vila 3,,,,,Buy,Buy,Buy,Month,150000,User Pays,175.5126,,Own,-17.73036,168.31470,Parliament house (Government worker),,1316.3445,2 plastic each collection day,2,,Yes,,23,4.5,,,,16/11/2018,11000,,,buy private collector to collect,into yellow bags,buy private collector to collect,into yellow bags,,,6.5,Sunny,,20000,5000,1,1,1,1,0,0,1,1,0,0,0,0,0,0,0,0,0,0,0,0,0,0,1,1,1,
H41_Van,9.242,,,Port Vila 3,10,,,,Buy,Buy,Buy,Month,42000,User Pays,219.39075,,Rent,-17.73036,168.31470,Wilco Hardware,,368.57646,1 plstic bag for 2 days,1,5,Yes,They always collect twice a week,24,4.5,,,,16/11/2018,2000,,,,Into yellow bags,Into yellow bags,Into yellow bags,,,7.5,Sunny,,25000,600,1,1,1,0,0,0,0,0,0,0,0,0,0,0,0,0,0,0,0,0,0,0,1,0,1,
H40_Van,4.03,,,Port Vila 3,4,Market,Shop,,Buy,Buy,,Month,35000,User Pays,87.7563,,Own,-17.72890,168.31617,Nakamel& (Cavabar)& Garage,,307.14705,4-5 carboard,1,3,Yes,Mostly have green waste and don't have many plastics& so they want more options,25,10,Weekly instead of 2-3 times a week,,,11/08/2018,6000,Car,,Brwak down out in waste yellow,Burn& Bin& Wash and reuse,Yellow bag,Burn,,,15,Sunny,,10000,5000,0,0,1,1,0,0,0,0,0,0,0,0,0,0,0,0,1,1,0,0,0,0,1,1,1,
H39_Van,10.526,,,Port Vila 3,10,,,,Buy,Buy,Buy,Months,25000,User Pays,131.63445,,Own,-17.74644,168.31803,Public work Department,,219.39075,1 plastic bags each collection,1,5,Yes,Collection good,26,2,,,,15/11/2018,1750,,,into yellow bags,into yellow bags,into yellow bags,Burn,,,5.5,Sunny,,15000,3000,1,0,1,1,0,0,0,0,0,0,0,0,0,0,0,0,0,1,0,0,0,0,1,1,1,
H38_Van,6.312,,,Port Vila 3,10,,,,Buy,Buy,Buy,Month,,User Pays,131.63445,,Own,-17.74246,168.31768,Public works Department,,,1 plastic bag each day collection,1,5,Yes,Collection is good,27,2,PUMC should provide hand gloves for his collecctions and mask because of their health,,,15/11/2018,2000,,,Into yellow bags,Into yellow bags,Into yellow bags,Burn,,,6.5,Sunny,,15000,5000,1,0,1,1,0,0,0,0,0,0,0,0,0,0,0,0,0,1,0,0,0,0,1,1,1,
H37_Van,12.834,,,Port Vila 3,10,,,,Buy,Buy,Buy,Month,30000,User Pays,105.30756,,Own,-17.74244,168.31836,Vanatu National Police,,263.2689,2 plastic bags,1,5,Yes,Collection is good,28,3,Yes& they should collect other waste tjat fall of the plastic bag as they are throwing them into the truck because when they leave them there it is blown away by the wind.,,,15/11/2018,3500,,,I pay the municipal truck to collect,Into yellow plastic bags,Into yellow plastic bags,Burn,,,4,Sunny,,12000,3000,1,0,1,1,0,0,0,1,0,0,0,0,0,0,0,0,0,1,0,0,0,0,1,1,1,
H36_Van,4.016,,,Port Vila 3,10,,,,Buy,Buy,Buy,Month,25000,User Pays,131.63445,,Own,-17.74081,168.31976,Vanuatu national Police,,219.39075,1-2 plastic each day of collection,1,4,Yes,It is good,29,2.5,,,,15/11/2018,5000,,,Buy private collectiom,Into Yellow plastic bags,Into yellow plastic bags,Burn,,,7.5,Sunny,,15000,6000,1,0,1,1,0,0,0,1,0,0,0,0,0,0,0,0,0,1,0,0,0,0,1,1,1,
H35_Van,5.036,,,Port Vila 3,5,,,,Buy,Buy,Buy,Month,25000,User Pays,105.30756,,Own,-17.74059,168.31943,Vanuatu national police,,219.39075,1  plasic each day of collection,1,5,Yes,Not so good because sometimes they con't come,30,2,,,,15/11/2018,8000,,,Buy private collection,into yellow plastic bags,Into yellow plastic bags,Burn,,,6,Sunny,,12000,5000,1,0,1,1,0,0,0,1,0,0,0,0,0,0,0,0,0,1,0,0,0,0,1,1,1,
H34_Van,6.052,,,Port Vila 3,,,,,Buy,Buy,Buy,Month,40000,User Pays,131.63445,,Own,-17.74020,168.32026,Lands department,,351.0252,1 plastic bin each day of colelction,2,7,Yes,,31,2.5,,,,15/11/2018,6000,,,Buy Private to collect,Into yellow bags,Into yellow bags,Burn,,,5.5,Sunny,,15000,5000,1,0,1,1,0,0,0,1,0,0,0,0,0,0,0,0,0,1,0,0,0,0,1,1,1,
H33_Van,14.886,,,Port Vila 3,,,,,Buy,Buy,Buy,Months,35000,User Pays,131.63445,,Own,-17.74378,168.32122,Vanuatu National Provident fund (UNPF),,307.14705,2 plastic each dat of collection,2,10,Yes,,33,4.5,,,,15/11/2018,7000,,,Bring them to landfill by myself,into plastic bags (yellow),into plastic bags (Yellow),burn ,,,7.5,Sunny,,15000,1000,1,0,1,0,0,0,0,1,0,0,0,0,0,0,0,0,0,1,0,0,0,0,1,0,1,
H32_Van,7.594,,,Port Vila 3,10,,,,Buy,Buy,Buy,Month,,User Pays,87.7563,,Own,-17.74592,168.32093,Kava Bar,,,1,0,7,Yes,Sometimes they leabe out the plastic here for two - three days and the waste smells. Otherwise the service is good,34,3,They should make awarness for communities to separate waste into another plastic which they will introduce,,,15/11/2018,2500,,,Put them out and municipal truck collect for small money for them,Into yellow plastic bags,into yellow bags ,Burn,,,5.5,Sunny,,10000,500,1,0,1,1,0,0,0,1,0,0,0,0,0,0,0,0,0,1,0,0,0,0,1,1,1,
H31_Van,28.202,,,Port Vila 3,,,,,Buy,Buy,Buy,,54000,User Pays,87.7563,,Own,-17.74620,168.32123,Port Vila municipal council,,473.88402,1 plastic each dat of collection (2plastic a week),1,4,Yes,,35,3,,,,15/11/2018,2000,,,Into yellow plastic bags,Into yellow plastic bags,Into yellow plastic bags,Into yellow plastic bags,,,2.5,Sunny,,10000,1000,1,1,1,1,0,0,0,0,0,0,0,0,0,0,0,0,0,0,0,0,0,0,1,1,1,
H30_Van,5.452,,,Port Vila 2,10,,,,Buy,Buy,Buy,Month,40000,User Pays,175.5126,,Own,-17.72208,168.31635,Department of lands,,351.0252,two,2,7,Yes,Good,36,2,But they should improve more,,,14/11/2018,5500,,,buy private to collect,into yellow bags,into yellow bags,into yellow bags,,,6,Sunny,,20000,,1,1,1,1,0,0,0,1,0,0,0,0,0,0,0,0,0,0,0,0,0,0,1,1,1,
H29_Van,3.468,,,Port Vila 2,10,,,,Buy,Buy,Buy,Month,,User Pays,43.87815,,Own,-17.72018,168.31793,None,,,1,0,,,Good,37,0,,,,14/11/2018,750,,,Leave them around the yard,Into plastic bag,into plastic bags,Burn,,,2,,,5000,1000,1,0,1,0,0,0,0,0,0,0,0,0,0,0,0,0,0,1,0,0,0,0,1,0,1,
LH28_Van,0.56,100,1000,Lelepa,,Market/ Garden,,,,,,0,3000,None,61.42941,,Own,-17.60097,168.21058,5000,,26.32689,1,0,6,,,38,0,,Yes,Yes,14/11/2018,0,,900,Burn,Burn,Buried,Give them to the animals,Overload,Yes,10,Sunny,0,7000,300,0,0,0,0,0,0,0,0,0,0,0,0,0,0,0,0,1,0,0,1,0,0,0,0,0,
LH27_Van,0.889,,,Lelepa,,,,,,,,Month,40000,None,,,,-17.60097,168.21058,Fishing& Working,,351.0252,3,2,,,,39,1,,,,15/11/2018,2500,Ways,,,Burn them,Dig holes and burn them,Pigs (Garden Veeliger),,,6,Sunny,250,,300,0,0,0,0,0,0,0,0,0,0,0,0,0,0,0,0,1,0,1,0,0,0,0,0,0,
LH26_Van,0.113,100,200,Lelepa,,,16 cat food,,Buy,,,,5000,None,26.32689,,,-17.60097,168.21058,Self employment,,43.87815,1,,6,,,40,0,,Yes,Yes,15/11/2018,0,,,No,No,No,No,,Yes,4,Sunny,,3000,2000,0,0,0,0,0,0,0,0,0,0,0,0,0,0,0,0,0,0,0,0,0,0,0,0,0,
LH25_Van,1.962,50 for one plastic bag,100,Lelepa,,,,,,,,,3700,None,,,Nelfou,-17.60097,168.21058,Sailing business,,32.469831,2,2,,,,41,,,,,13/11/2018,,,,,burn them,dig hole and dispose of it,Feed pigs with the green waste,Plastic bags,,,Raining,,,,0,0,0,0,0,0,0,0,0,0,0,0,0,0,0,0,1,0,0,0,0,0,0,0,0,
LH24_Van,1.008,100,200,Lelepa,,,,,Buy,Local,,Solar,15000,None,26.32689,,School,-17.60097,168.21058,Teacher Employer,,131.63445,2,1,,,,42,0,,Yes,Yes,15/11/2018,0,,,0,Throw in a rubbish dump,(Burried) Throw in a hole to be burred,Compost bucket,,Yes,3,,,3000,1000,0,0,1,0,0,0,0,0,1,0,1,0,0,0,0,0,0,0,0,0,0,0,1,0,1,
LH23_Van,0.439,50,200,Lelepa,,,,,,,,Solar,15000,None,17.55126,,Own,-17.60097,168.21058,Market,,131.63445,,,,,,43,2,,Yes,Yes,14/11/2018,0,,,,,,,Rubbish site,Burn,3,Windy,,2000,2000,0,0,0,0,0,0,0,0,0,0,0,0,0,0,0,0,0,0,0,0,0,0,0,0,0,
LH22_Van,0.96,20vt,50 or 100vt,Lelepa,,,,,Buy,Local,,Solar,72000,None,26.32689,,Own,-17.60097,168.21058,Security& Teacher and Chef,,631.84536,,3,,Yes,,44,,,Yes,Yes& This will also help us in disposing the rubbish at its right places,15/11/2018,0,,,,,Burry or burn them,,,,15,Sunny,,3000,1000,0,0,0,0,0,0,0,0,0,0,0,0,0,0,0,0,0,0,1,0,0,0,0,0,0,
LH21_Van,0.393,100vt,50vt,Lelepa,,Garden/ Market,,,,,,Solar,40000,None,17.55126,,Own,-17.60097,168.21058,5&000Vt,,351.0252,1,1,3,,,45,5,,Yes& I do support it.,Yes,14/11/2018,0,,900,Burn,Burn,,Give it to the aniamls/ chicken/ dogs,,,10,Sunny,,2000,600,0,0,0,0,0,0,0,0,0,0,0,0,0,0,0,0,1,0,0,1,0,0,0,0,0,
LH19_Van,0.814,10-20 vats,10-20 vats,Lelepa,,Rice,Tinned fish,Kumond/ manhut,,,Produce,Solar,60000,None,87.7563,,Own,-17.60097,168.21058,Handcrafts sale employment (Husband),,526.5378,Box (cardboard),1 (husband),,Yes,,47,1,,Highly support anu initiative to introduce CDL/ CDS. Not only to get additional income but it is good for cleaning the island.,Highly support the idea,13/11/2018,0,,,,Burn or inland disposal,Burn or inland disposal,Burn or inland disposal,2 full medium dumping area,,3,Sunny and Raining,,10000,5,0,0,0,0,0,0,0,0,0,0,0,0,0,0,0,0,1,1,1,0,0,0,0,0,0,
LH16_Van,0.802,20Vats,Don't know,Lelepa,,,,,Buy,Buy,Buy,Solar,,None,43.87815,Week,Own,-17.60097,168.21058,work in port Vila,,,,2,11,Yes,,48,,,Fully support its good and I really like it,Supoort,,0,Week,,Burn,Burn,Bury them,Burn,,Yes,2,,,5000,2000,0,0,0,0,0,0,0,0,0,0,0,0,0,0,1,0,1,1,0,1,0,0,0,0,0,
LH14_Van,0.028,No,Maybe,Lelepa,,rice,Lobster& fish and coconut,,Buy,Produce,Buy,Solar,5000,None,,,,-17.60097,168.21058,Handcraft and fishing,,43.87815,,,2,,,49,0.25,,No,,,0,,,Plastic burn,Bushes,,Burn,,,7,,,,,0,0,0,0,0,0,0,0,1,0,0,0,0,0,0,0,0,1,0,1,0,0,0,0,0,
LH13_Van,1.174,,,Lelepa,,,,,,,,,,None,,,,-17.60097,168.21058,,,,,3,5,,,50,,,,No,11/12/2018,,,,,Dampias site,Burn,Farm (Pigs),,Yes,,Sunny,,,,0,0,0,0,0,0,0,0,0,0,0,0,0,0,0,0,0,0,1,0,0,0,0,0,0,
LH12_Van,4.232,100vt,1&000Vt,Lelepa,,Market,Grow,,Buy,Produce,,Solar,200000,None,122.85882,Day,Own,-17.60097,168.21058,Boat drwer& house care,,1755.126,1,2,6,,,51,,,Yes everything,Yes,13/11/2018,0,Week,,Burn,Burn,Burn,Chicken,Overload - burnt,Yes everything,10,,,14000,600,0,0,0,0,0,0,0,0,0,0,0,0,0,0,0,0,1,0,1,1,0,0,0,0,0,
LH11_Van,1.083,500vt,1&000 or less,Lelepa,,,,,,,,,30000,None,43.87815,,Government,-17.60097,168.21058,Salary,,263.2689,None,1,,Yes,,52,2,,Yes,Yes,13/11/2018,,,,,Separate them& tins into pits& peelings to pigs& others burnt,Burn them,Feed the Pigs,,,1,Raining,,5000,1000,0,0,0,0,0,0,0,0,0,0,0,0,1,0,0,0,1,0,1,0,0,0,0,0,0,
LH10_Van,0.282,100Vt,Yes,Lelepa,,,,,,,,Solar,24000,None,43.87815,twice a week,Own,-17.60097,168.21058,Wages,,210.61512,,1,3,,,53,2,,,Yes,11/12/2018,0,,,,,,,,,2,Raining,,5000,1000,0,0,0,0,0,0,0,0,0,0,0,0,0,0,0,0,0,0,0,0,0,0,0,0,0,
LH09_Van,0.664,50Vt,1&000Vt,Lelepa,,Market,Shop,,Buy,Buy,,Solar,30000,None,17.55126,Day,Own,-17.60097,168.21058,Waitress/ Everything,,263.2689,1,1,6,,,54,0,,Yes,Yes& Everything ,13/11/2018,0,Day,,Burn,Burn,Burn,Burn/ Pigs,Overload,Yes& Everything ,10,,,2000,8400,0,0,0,0,0,0,0,0,0,0,0,0,0,0,0,0,1,1,1,1,0,0,0,0,0,
LH08_Van,0.187,,,Lelepa,,Rice,Manic,Banana,Buy,Produce,Produce,,12500,None,,,,-17.60097,168.21058,Handcraft,,109.695375,,,4,,,55,,,,,13/11/2018,,,,Burn,Burn,Bury,Burn,,,,Raining,,,,0,0,0,0,0,0,0,0,0,0,0,0,0,0,1,0,1,1,0,1,0,0,0,0,0,
LH07_Van,0.206,,Maybe?,Lelepa,,Market,,,Produce,,,Solar,,None,,,Family,-17.60097,168.21058,Sells firewood in the village,,,Boxes,0,,,,56,,,Not sure,,13/11/2018,0,,,,,Bury them,Let them dry and burn them,,Burn them,,,,,,0,0,0,0,0,0,0,0,0,0,0,0,0,0,1,0,0,1,0,0,0,0,0,0,0,
LH47_Van,6.034,,,Lelepa,,,,,,,,,35000,None,,,,-17.60097,168.21058,uuticrafts/ fishing/ boat transport,,307.14705,3,3,,,,57,,,Yes& I support this plan,,15/11/2018,,,,Compose them,Compose them,Compose them,Compose them,,Yes,,Sunny,,,,0,0,0,0,0,0,0,0,0,0,0,0,0,0,0,0,0,0,0,0,0,0,0,0,0,
LH45_Van,1.5,50,10000,Lelepa,,Rice& Breakfast cracks,Grow local food,,Buy,Produce,,Solar,5000,None,4.387815,Week,Own,-17.60097,168.21058,Handcraft,,43.87815,No,own business,,,,58,1,,Yes for recycle for income,Yes,15/11/2018,0,Day,,,Burn,,Pigs to eat,,Yes,1.5,,,500,700,0,0,0,0,0,0,0,0,0,0,0,0,0,0,0,0,1,0,0,0,0,0,0,0,0,
LH44_Van,1.165,80,500,Lelepa,,Buy from shop,Local food,,,,,,,None,,,,-17.60097,168.21058,,,,Bins for tins only 1,,,,,59,14,,Yes& as ive said earlier& we must support this& just to keep our environment clean and healthy at all time,Yes& because to make sure our environment looks clean at all time for healthy living,15/11/2018,,,,Put in the bin,,Get to the mainland for collection,dispose to the sea coast or burn,no collection comes,,0,,,,,0,0,1,0,0,0,0,0,0,0,0,0,0,0,0,0,0,1,0,0,0,1,1,0,1,
LH43_Van,1.506,50,50,Lelepa,,Banana ,Fresh fish,Tinned fish,Produce,Produce,Buy,Solar ,30000,None,43.87815,Week,Own,-17.60097,168.21058,Employment,,263.2689,Have a open ditch (hole) to dispose of waste,1,,,,60,2,,Highly suppoer the idea if introduced later. Great for additional income and keeping the island clean,Highly support this idea if intriduced,15/11/2018,0,Week,,Burial/ burn,Burial/ burn,Burial/ burn,Burial/ burn,,Yes& where the hole is filled up,2,Sunny,,5000,1000,0,0,0,0,0,0,0,0,0,0,0,0,0,0,0,0,1,1,1,1,0,0,0,0,0,
LH42_Van,2.305,100 per plastic bag,1&000 monthly,Lelepa,,,,,,,,,40000,None,,,,-17.60097,168.21058,Government,,351.0252,1,1,6,No,,61,,,Yes,,15/11/2018,,,,,Burn them all,,,,Burn,,Sunny & a bit of cloudy,,,,0,0,0,0,0,0,0,0,0,0,0,0,0,0,0,0,1,0,0,0,0,0,0,0,0,
LH41_Van,2.408,100,200,Lelepa,,,,,,,,,30000,None,17.55126,,Own,-17.60097,168.21058,small boat business ,,263.2689,1,1,,,,62,,,Yes I support this plan,Yes,15/11/2018,,,,,,,Keep them dry and burn them,,Yes,12,Sunny,,2000,,0,0,0,0,0,0,0,0,0,0,0,0,0,0,0,0,0,1,0,0,0,0,0,0,0,
LH40_Van,0.732,100,1000,Lelepa,,Bug,Local,,,,,,20000,None,26.32689,,,-17.60097,168.21058,Tourism,,175.5126,,1,,,,63,,,Yes I support this plan,Yes,15/11/2018,,,,,,,,No,,15,,,3000,,0,0,0,0,0,0,0,0,0,0,0,0,0,0,0,0,0,0,0,0,0,0,0,0,0,
LH39_Van,0.274,70,70,Lelepa,,Rice/ Mnihot,Tinned tuna,Fresh fish,,Buy,Produce,Solar,70000,None,43.87815,Month,Own,-17.60097,168.21058,Shop/ Employment ,,614.2941,1 full box(cardboard) (week),2 self employed (shop),,,,64,1,,Highly support this if intoduced in the future. It is a great idea to solve the littering problem from empty cans& bottles& ect.,Highly support this idea if can be ntroduced to Lelepa island,,0,Month,,Inland area disposal,Burn or dispose of inland ,Inland disposal,Burn,,Yes,5,,,5000,5000,0,0,0,0,0,0,0,0,0,0,0,0,0,0,0,0,1,1,0,0,0,0,0,0,0,
LH38_Van,1.974,70 per week,70 per week,Lelepa,,Manihot& Kumaia& Fresh fish,Rice,Tinned fish,Produce,B,,Solar,34000,None,43.87815,Week,Own,-17.60097,168.21058,Employment (husband fruit picker in austrailia),,298.37142,1 full box (cardboard) = 0.3m3,1,,,,65,2,,Support any initiative to introduce CDL/CDS for additional income and to keep the island clean,Highly supporting the idea,15/11/2018,0,Month,,Backyard/ Inkand Disposal,Burn,Burn,Burn,,Yes,10,Sunny,,5000,1000,0,0,0,0,0,0,0,0,0,0,0,0,0,0,0,0,1,1,1,0,0,0,0,0,0,
LH37_Van,0.478,50,100,Lelepa,,,,,Buy,Local,,Solar,80000,None,43.87815,,Own,-17.60097,168.21058,20000,,702.0504,1,1,4,,,66,0,,Yes,Yes,15/11/2018,0,,,,,,,,Yes,5,Sunny,,5000,600,0,0,0,0,0,0,0,0,0,0,0,0,0,0,0,0,0,0,0,0,0,0,0,0,0,
LH36_Van,0.432,50,200,Lelepa,,,,,Buy,Local,,Solar,17000,None,43.87815,,,-17.60097,168.21058,Havanah,,149.18571,1,1,3,,,67,0,,Yes,Yes,15/11/2018,0,,,,,,,,,6,,,5000,800,0,0,0,0,0,0,0,0,0,0,0,0,0,0,0,0,0,0,0,0,0,0,0,0,0,
LH35_Van,0.268,50,200,Lelepa,,,,,,,,,20000,None,,,,-17.60097,168.21058,,,175.5126,,1,5,,,68,,,Yes I do support recycled,Yes,15/11/2018,,,,,,,,,I sometimes burn rubbish,,Sunny,,,5000,0,0,0,0,0,0,0,0,0,0,0,0,0,0,0,0,0,0,0,0,0,0,0,0,0,
LH34_Van,0.617,50,200 per month,Lelepa,,,,,,,,,60000,None,,,Family,-17.60097,168.21058,1 week 15&000,,526.5378,,1,,,,69,15,,Yes,Yes I support of introducing a rubbish bag for people to in their waste,,,,,,Burn them,Throw them in bush toilet or either bury them,Keep them dry to be burn ,,Yes,10,Sunny,,,2700,0,0,0,0,0,0,0,0,0,0,1,0,0,0,1,0,1,1,0,0,0,0,0,0,0,
LH33_Van,0.036,100,200,Lelepa,,,,,Buy,Local,,Solar,50000,None,26.32689,,School,-17.60097,168.21058,Teacher Employer,,438.7815,2,1,,,,70,0,,Yes I support recycling,Yes ,15/11/2018,0,,,0,Throw in my rubbish dump,(Burried) throw in a hole to be burried,Comost bucket,,,5,Sunny,,3000,1000,0,0,0,0,0,0,0,0,1,0,1,0,0,0,0,0,0,0,0,0,0,0,0,0,0,
LH32_Van,1.318,100,200,Lelepa,,,,,Buy,Local food,,Solar ,50000,None,43.87815,,,-17.60097,168.21058,Mp,,438.7815,Yes,2,,,,71,0,,Yes& I support recycling,Yes,15/11/2018,0,,,,,Burried& throw in the hole and buried,,,,12,Sunny,,5000,2000,0,0,0,0,0,0,0,0,0,0,1,0,0,0,0,0,0,0,0,0,0,0,0,0,0,
LH31_Van,0.122,100,200,Lelepa,,Buy,Local,,,,,Solar,30000,None,17.55126,,,-17.60097,168.21058,Work as Pastor,,263.2689,,1,,,,72,0,,Yes,Yes,13/11/2018,0,,,,Waste point,Burned,Feed pigs,,,0,raining,,2000,1000,0,0,0,0,0,0,0,0,0,0,0,0,0,0,0,0,0,0,1,0,0,0,0,0,0,
LH30_Van,0.883,50,50,Lelepa,,,,,Buy,Local,,Solar,10000,None,17.55126,,Own,-17.60097,168.21058,Market,,87.7563,,,6,,,73,0,,Yes,Yes,15/11/2018,0,,,,,,,,Yes,10,,,2000,1000,0,0,0,0,0,0,0,0,0,0,0,0,0,0,0,0,0,0,0,0,0,0,0,0,0,
LH29_Van,2.272,,1000,Lelepa,,,,,,,,,20000,None,26.32689,Week,6,-17.60097,168.21058,Sewing/ Pay job,,175.5126,,1,6,,,74,,,yes,,13/11/2018,,,,,,,,,,,Raining,,3000,,0,0,0,0,0,0,0,0,0,0,0,0,0,0,0,0,0,0,0,0,0,0,0,0,0,
LH06_Van,0.477,,,Lelepa,,Rice,Market,Chicken,Buy,,,Solar,5000,None,,,Family,-17.60097,168.21058,Tourist Kava Bar,,43.87815,,0,6,,,75,,,Yes I support this plan if we use this plastic bottles for recycling,Yes,13/11/2018,0,,,,,Bury them or throw them in the burst toilet,Let them dry and burn them,,Burn them,,,,,,0,0,0,0,0,0,0,0,0,0,1,0,0,0,1,0,0,1,0,0,0,0,0,0,0,
LH05_Van,0.886,100,Yes,Lelepa,,Rice,,,Buy,,,Solar,20000,None,,,,-17.60097,168.21058,Bread making,,175.5126,,1,,,,76,2,,Yes,,13/11/2018,0,,,,,Bury,,,,,,,,,0,0,0,0,0,0,0,0,0,0,0,0,0,0,1,0,0,0,0,0,0,0,0,0,0,
LH04_Van,3.428,,,Lelepa,,Rice/ chicken,Tuna,Bananas ,Produce,Produce,Produce,,,None,4.8265965,,Yes,-17.60097,168.21058,Na,,,2,2 ppl in house. No one works,,Yes,,77,0,,,,11/12/2018,,,,Pile,Pile,No,Burn,,Yes,0,,,550,800,0,0,0,0,0,0,0,0,0,0,0,0,0,0,0,0,0,1,0,0,0,0,0,0,0,
LH03_Van,0.589,80,100,Lelepa,,Rice& Biscuts,Banana,Tuna fish,,,,Solar,,None,,,,-17.60097,168.21058,,,,,,,,,78,,,,Yes,13/11/2018,0,,,,,Burn them. Dig hole and bury them,,,,,,,,,0,0,0,0,0,0,0,0,0,0,0,0,0,0,1,0,0,0,1,0,0,0,0,0,0,
LH02_Van,0.09,20,1000,Lelepa,,Chicken/ Rice ,Sweet Potato,Tapioca,Both,Both,Both,0,19000,None,8.77563,week,Own,-17.60097,168.21058,Handy crafts/ Security/ gardener,,166.73697,1,3,,,,79,0,,Yes,Yes,13/11/2018,0,0,0,,Burn,Burried,Burn,,Yes,20,Raining,,1000,0,0,0,0,0,0,0,0,0,0,0,0,0,0,0,0,0,1,1,0,0,0,0,0,0,0,
LH01_Van,2.184,500,200,Lelepa,,Root veggies,Some other veggies,,Produce,Buy,,,5000,None,17.55126,,,-17.60097,168.21058,Handcraft,,43.87815,1,0,,,,80,0,,,Yes,,,3200,,,,,,,Yes,12,,,2000,800,0,0,0,0,0,0,0,0,0,0,0,0,0,0,0,0,0,0,0,0,0,0,0,0,0,
LV28_Van,7.644,80 - still on the same price,50vt,Luganville,10,2,Manio,turo,buy,buy,buy,Month,,User Pays,43.87815,week,,-15.50980,167.17662,Driver/ shop assistant,,,1,2,4,,Helps maintain a foot environment,84,,,Yes,Yes,20/11/2018,700,,,Stoned safely,Red plastic,,Red plastic,Full,Burn leaves,,Sunny,,5000,,1,1,0,0,0,0,0,0,0,0,0,0,0,0,0,0,0,0,0,0,0,0,0,0,1,
LV27_Van,7.4,20,500vt,Luganville,1,Rice,Taro,Banana,Buy,Buy,Buy,Month,50000,User Pays,52.65378,Week,Own,-15.50969,167.17566,Service bus,,438.7815,No,Self employed,4,,Compactor does not turn up on time,85,,Collection service should use wheely bins to improve the storage,Yes,No - the storage is not secured and other animals destroy the red bags,20/11/2018,3000,Day,500,Dump at the LMC Dumpsite,Red plastic,Red Plastic,Feed to pigs (other aniamls),,,,Sunny,,6000,3500,1,0,1,0,0,0,0,0,0,0,0,1,0,0,0,0,0,0,0,0,0,0,1,0,1,
LV26_Van,3.05,50vt,,Luganville,10,Rice ,Banana,Taro,Buy,Produce,Produce,Month,,User Pays,8.77563,Week,Own,-15.50718,167.17292,,Friends,,No,,5,No& only TV,Work collection is efficient ,86,0,,Yes,50vt,20/11/2018,3000,Week,,0,Red Plastic ,Red Plastic ,Compost,,Burn leaves,0,Sunny,,1000,5000,1,0,1,0,0,0,0,0,0,0,0,0,0,0,0,0,0,0,0,0,0,0,1,0,1,
LV25_Van,17.382,50vt,300vt,Luganville,10,Rice,Banana,Tano,Produce and Buy,Buy,Buy,Week,,User Pays,21.939075,Week,Own,-15.50182,167.17221,Bakery& restaurant,Friends,,No,2,7,Cell phone Radio,Being able to comply with the waste regl.,87,,,Yes,Yes,20/11/2018,3000,Week,,Stored away,Red plastic,Red plastic ,Red plastic,Full,Burn Leaves,,Sunny,,2500,1000,1,1,1,1,0,0,0,0,0,0,0,0,0,0,0,0,0,0,0,0,0,0,1,1,1,
LV24_Van,11.862,100vt,He is against the idea,Luganville,4,Rice,Manioc,Banana,Buy,Produce,Produce,Month,,User Pays,26.32689,Week,Own,-15.50102,167.17197,Rural health& shop assistants& construction,Friends,,2,5,5,Yes,they are not happy bios the compasctor& does not pick bulky waste. They should be 2 compacters.,88,,,yes,yes,20/11/2018,300,Week,,Dispose at the dumpsite,Red bag,Red bag,Compost,Full,Burn leaves,,,,3000,1000,1,0,1,0,0,0,0,0,0,0,0,1,0,0,0,0,0,0,0,0,0,0,1,0,1,
LV23_Van,11.942,,,Luganville,,Rice,Taro,,Buy,Buy,,,,User Pays,26.32689,Week,Rent,-15.50034,167.17202,Church Elder,Friends,,No,2,2,No,,89,1,,Yes.,Yes.,20/11/2018,,Week,,,Red bag,,Red bag,Half bags,No,7,Sunny,,3000,1000,1,1,0,0,0,0,0,0,0,0,0,0,0,0,0,0,0,0,0,0,0,0,0,0,1,
LV22_Van,8.452,50vt,1000vt,Luganville,10,Rice,Taro,Banana,Buy,Produce,Produce,Week,,User Pays,35.10252,Week,Own,-15.49939,167.17048,Labour at chinese merchant,From the minicipal,,No,1,2,Yes,Remove waste at large,90,1,,Yes,Yes,20/11/2018,4000,Week,,,Red plastic,Red plastic,Burn,Full,No,1,Sunny,,4000,6000,1,0,1,0,0,0,0,0,0,0,0,0,0,0,0,0,0,1,0,0,0,0,1,0,1,
LV21_Van,6.262,50vt,No idea,Luganville,10,Rice,Taro,Banana,Buy,Buy,Buy,Week,,User Pays,52.65378,Week,Own,-15.49893,167.16972,Construction,Friends,,Fill directly into red bags,1,5,No,Remove their solid waste on daily basis,91,,,No,Yes,20/11/2018,300,Week,,Stored neatly,Red bag,Red bag,Compost,Full,Yes,,Sunny,,6000,400,1,0,1,1,0,0,0,0,0,0,0,0,0,0,0,0,0,0,0,0,0,0,1,1,1,
LV20_Van,3.306,Increae to 200vt,200vt,Luganville,10,Local food ,Rice,,Produce,Buy,,Month,0,User Pays,17.55126,Week,Own,-15.49359,167.17117,Nurse,Friends,,They use the red bag,1,9,Yes,Helps to maintain general health,92,7,Yes.,Yes,Yes,20/11/2018,7000,Week,,Store away,Burn,Red bag,Burn,Full,Burn leaves,,Sunny,,2000,400,0,0,1,0,0,0,0,0,0,0,0,0,0,0,0,0,1,1,0,0,0,0,1,0,1,
LV19_Van,4.532,100vt,500vt,Luganville,5,Rice,Island Food,Garden,Buy,Produce,Produce,Mouth,30000,User Pays,13.163445,Week,Own,-15.49380,167.17135,Driver,,263.2689,,1,5,No,Needs to improve collection schedule,93,,Needs to collect bulky waste. Must wear safety googles,Yes,Yes,20/11/2018,1000,Week,,Stored in the yard,Red bag,put in the red bag,Compost,Completely full,Burn dry/ leaves/ twigs,,Sunny,,1500,400,1,0,1,1,0,0,0,0,0,0,0,0,0,0,0,0,0,0,0,0,0,0,1,1,1,
LV18_Van,1.712,50vt,200vt is fair,Luganville,6.5,Rice,Island food,Gorden,Buy,Buy,Produce,,85000,User Pays,,,Own,-15.49411,167.17137,Rural Health& Municipal,Radio& from others,745.92855,Only red bag& Mostly use Rice bag,2,4,Yes,Good for small things. Not for things that donÂ’t fit,94,,clearer information on what and how to deal with item. Not suitable for the redbag,Yes. No need to store them idepinitely,yes,20/11/2018,,,,Store it,red bag,Red bag,Compost& Pig,Full,Only Leaves,,Sunny,,,,1,0,1,0,0,0,0,0,0,0,0,0,0,0,0,0,0,0,0,0,0,0,1,0,1,
LV17_Van,7.43,50vt,1&000vt,Luganville,10,Rice,Local Food,,Buy,Produce,,Month,40000,User Pays,17.55126,Week,Own,-15.49786,167.17096,Stopman& cleaner,Only from friends,351.0252,No& Only Red Bag,2,6,Phone& radio and TV,Provides immacolate collection improving local health,95,,,Yes& is a good system,Yes& is a good system,20/11/2018,1000,Week,,Store to be arragnge pick up,Some Fire& Some Red Bag,Red bag,Compost,,Plastic and leaf,,Sunny,,2000,3000,1,0,1,0,0,0,0,0,0,0,0,0,0,0,0,0,0,0,0,0,0,0,1,0,1,
LV16_Van,1.72,50vt,5000,Luganville,9,Rice,Local Food,Fruit/ Veg,Buy,Produce,Produce,Month,,User Pays,21.939075,Week,Own,-15.49792,167.17066,TaxiDriver& Cleaner& Labourer,Saw others& read about it in town,,No. Only bags,3,6,Yes& Leaf.,It helps maintain a clean Environment,96,2.5,,Yes,Yes,20/11/2018,300,,,Arrange pick up for dump site,Reg Bag,Red plastic,Dry up and burn,Half-full,Yes& Leaf.,7,Sunny,,2500,,1,0,1,0,0,0,0,0,0,0,0,1,0,0,0,0,0,1,0,0,0,0,1,0,1,
LV15_Van,11.338,1&000 vt is ok,"5,000",Luganville,5,Rice/ Tin,Gron,,Buy,Produce,,Month,110000,User Pays,48.265965,Week,Own,-15.51081,167.17281,Cook& Pharma,"All info is on the red bag and ""red bag promoters""",965.3193,No bin& only red bag,2,5,Yes,Have to buy the plastic bag all iron items need to be dealt with by the individual,97,1,Collect 2-3 times one week. Have another service or cloured bag for the bags for higher seperation. Have ore access to vechicles to transport ther items to the appropriate rubbish or recycle sites,Yes,Yes,19/11/2018,5000,,,Dump in bush,Red bag,,Compopst,Half ,Clear daily,2.5,Sunny,,5500,500,1,0,0,0,0,0,0,0,0,0,0,1,0,0,0,0,0,0,0,0,0,0,0,0,1,
LV14_Van,4.374,80vt is ok,1000vt,Luganville,5,Tin food,Rice,Local food,Buy,Buy,Produce and buy,Week,,User Pays,43.87815,Week,Own,-15.51050,167.17242,Fincancial Service,Found out when the bags werent taken if not in red bag,,No. only bag,1,8,Yes,Sometimes bag burst and plastic flies around,98,35,2 time 1 week collection,Yes,Yes,19/11/2018,5000,Week,,Store it in shed,Red bag& Burn,Red bag ,Compost,Overflow,Yes& can plastic,35,Sunny,,5000,2000,1,0,1,0,0,0,0,0,0,0,0,0,0,0,0,0,1,0,0,0,0,0,1,0,1,
LV13_Van,2.218,100vt is ok,500vt,Luganville,9,Local food ,Market,Rice,Produce and buy,Buy,Buy,Month,75000,User Pays,43.87815,Week,Rent,-15.51001,167.16809,Pastor,Neighbour,658.17225,1 Bucket,1,8,No,Always keeps place clean. Good for environment.,99,,,Yes,Yes,19/11/2018,1200,Week,,,red Bag,,Compost,Full (Uses it for 1 or 2 weeks rubbish),No,4,Sunny,,5000,4000,1,0,0,0,0,0,0,0,0,0,0,0,0,0,0,0,0,0,0,0,0,0,0,0,1,
LV12_Van,2.194,60vt,"5,000",Luganville,5,Rice,Market,,Buy,Buy,,Month,180000,User Pays,43.87815,Week,Rent,-15.51018,167.16816,Teacher& cleaner,Heard from others,1579.6134,1 bucket,2,4,Yes,They donÂ’t laways pick it up,100,1.5,Need to teach the people how to dispose of rubbish that cant be out in red bag,Yes. Should make santo a much cleaner,Yes& Much better than previous methods ,19/11/2018,700,Day,,Bury - municipal doesnÂ’t take,Red bag,,Compost,Half,,28,Sunny,,5000,500,1,0,0,0,0,0,0,0,0,0,0,0,0,0,0,1,0,0,0,0,0,0,0,0,1,
LV11_Van,4.436,50vt,800vt,Luganville,5,Rice/ Meat,Market,Coron Local,Buy,Buy,Produce,Month,150000,User Pays,87.7563,Week,Own,-15.50860,167.17113,Teachers& Technician& Seasonal worker,Heard from others,1316.3445,No& only red bags,3,5,yes and a TV,Bags too small,101,10,XL bags,Yes,Yes& maybe,19/11/2018,2000,Day,,Take to the dump,PET bottles to kavabar& Red Bag some get dumped,,Red Bag (Most) Sometimes ngarden,Full,No& only red bags,24,Sunny,,10000,500,1,1,0,0,0,0,0,0,1,0,0,1,0,0,0,0,0,0,0,0,0,0,0,0,1,
LV10_Van,3.744,60-70vt,500vt,Luganville,7,Cabbage/ Market/ Veg,Cgrow Veg,Rice,Buy,Produce,Buy,Month,100000,User Pays,43.87815,Week,Rent,-15.51423,167.20078,Service Manager,Only saw neighbours doing it so started too,877.563,Only red bag,1,6,Yes,Some items never get collected,102,1,Bigger bag& improve type and number of bags ,Yes,Yes,19/11/2018,5500,Day,,,Red Bag,Red Bag,Compost,Full,Leaves,6,,,5000,500,1,0,1,0,0,0,0,0,0,0,0,0,0,0,0,0,0,0,0,0,0,0,1,0,1,
LV09_Van,7.084,50vt,500vt,Luganville,7,Banana Komala,Rice/ tin can,Grow veg,Buy,Buy,Produce,Month,,User Pays,17.55126,Week,Own,-15.51356,167.20253,Picker x 4,Family,,No. red bags,4,10,Yes,Does a good job,103,1,,Yes,Yes,19/11/2018,300,Day,,Put and pick with red bag,Red bag,,Compost,Full,No,14,,,2000,200,1,0,0,1,0,0,0,0,0,0,0,0,0,0,0,0,0,0,0,0,0,0,0,1,1,
LV07_Van,3.624,,,Luganville,7,Local food,Fresh Grown,,Buy,Produce,,Month,,User Pays,,,Own,-15.51338,167.20048,Private business,Asked in store,,No. Only  bags,1 and 1 retired,2,TV,Not too frequent,105,0.5,,No. They sellthem anyway. Remanufacture here and five locals more jobs.,,19/11/2018,40000,,,Dump site,red Bag,,Chickens,Full,No,,Sunny,,,3000,1,0,0,0,0,0,0,0,0,0,0,1,0,0,0,0,0,0,0,0,0,0,0,0,1,
LV06_Van,8.288,00VT is ok,1&000vt,Luganville,10,Local food,Rice,Grow veg,Buy,,Produce,Month,,User Pays,26.32689,Week,Own,-15.51363,167.20121,Truck driver and Store,Find out from others,,only red bag,2,7,Yes,It always means the rubbish is better quality& better for the workers,106,1,Red bag is too small,Yes,Yes,19/11/2018,3000,Day,300,Arrange pick up,Red bag,Red plastic,Pig,Half,Leaf,1,Sunny,,3000,2100,1,0,1,0,0,0,0,0,0,0,0,0,0,0,0,0,0,0,0,0,0,0,1,0,1,
LV05_Van,4.72,Yes it is reasonable,2&000vt,Luganville,7,Milk& bread and chesse,Veggies and fruit ,,Buy,Buy,,Week,,User Pays,263.2689,Week,Rent,-15.51527,167.20907,Manager,F.B.,,3,1,,No,Sometimes on pulic holidays the rubbish is not collected until late.,107,,Please collect rubbish the following day& after a public holiday,Yes& I would support the plan,Yes& but more education on the benefits of using the system,19/11/2018,6000,Week,,take to tip,Red bag,,Compost,Full,,,Sunny,,30000,8000,1,0,0,0,0,0,0,0,0,0,0,0,0,0,0,0,0,0,0,0,0,0,0,0,1,
LV04_Van,2.18,50vt,1&000vt,Luganville,6,Rice/ Island food,Local Food,,Buy,Buy,,Month,10000,User Pays,14.26039875,Month,Own,-15.51510,167.20951,Sheep crew,Heard from neghbour,87.7563,No. only,1,4,Phone radio,good for the effort& but could be better,108,0.5,Better structured to protect rubbish from weather or dogs,Yes,Yes,19/11/2018,320,Week,,Store it,Red Bag,,Red Bag,half,Leaf/ grass,1.5,,,1625,900,1,1,0,0,0,0,0,0,0,0,0,0,0,0,0,0,0,0,0,0,0,0,0,0,1,
LV03_Van,4.592,100vt is ok,1&000vt,Luganville,9,Fruit and veg/ oats,Meat,Pineapple,Buy,Buy,Produce,Month,,User Pays,109.695375,Month,Own,-15.51530,167.21030,0,Hamout pamphlet,,Only bag,Retired,2,Yes,Comes weekly& always take the bags,109,0,No. Happy with the system,Yes,yes,19/11/2018,7000,Week,,take to tip,red bag,,Give to neighbours compost,Half,Leaves,,Sunny,,12500,2500,1,0,0,0,0,0,0,0,0,0,0,0,0,0,0,0,0,0,0,0,0,0,0,0,1,
LV01_Van,4.236,40-50vt,1&000vt,Luganville,9,Noodles/ rice ,Local Food,,Buy,Buy,,Month,,User Pays,87.7563,,Own,-15.51360,167.21330,Rental car and sales,,,1 Bin 240L,1,1,No& only tv,Always comes little issues,110,24,,Yes,Yes,19/11/2018,15000,Week,,,Red Bag,,Compost,Full,Noodles/ rice ,,Sunny,,10000,900,1,0,0,0,0,0,0,0,0,0,0,0,0,0,0,0,0,0,0,0,0,0,0,0,1,
H15_Van,10.554,,,Port Vila,7.5,Bread/ Rice,Manihot blano,Pinned fish,Buy,Buy,buy,2 weeks,20000,User Pays,43.87815,,,-17.71837,168.32161,Employment + selling drinks,,175.5126,Yellow bag 1 bag/ week,1 daughter + mother selling sweetened drinks,6,Phone,Service is good so far only for osttaputs (Dump additional safety),113,8,,Yes& highly support any plans to introduce a waile lung.,,,3000,,,Hardly have any,Bag for collection,bag for colelction,Burn ,Full (1) week,,6,Sunny,,5000,1000,1,0,1,0,0,0,0,0,0,0,0,0,0,0,0,0,0,1,0,0,0,0,1,0,1,
H12_Van,15.818,,,Port Vila,,Bread ,Rice,Tuna,Buy,Buy,Buy,,25000,User Pays,52.65378,Week,Own,-17.72309,168.32256,Bus business,Radio - phone,219.39075,Yellow (4 filled bags/ week),2,,Yes - phone,,114,3,,Support any initative that helps to recycle waste. Good to reduce waste by providing recycling ,,,,,,Recyclable corp/ hire a truck private,Bag for collection,Bag for collection,Burn,Full,,,,,6000,3000,1,0,1,0,0,0,0,1,0,0,0,0,0,0,0,0,0,1,0,0,0,0,1,0,1,
H10_Van,9.73,,,Port Vila,6,Rice ,Chickens,Koumala,,,,,50000,User Pays,87.7563,,Own and Rent,-17.72346,168.32231,Works& Gardening,Usual collection days,438.7815,No - yellow bag,1,4,Phone radio,Sometimes do not take all the rubbish,115,1,Need more trucks to improve the service,Yes & to stop littering problem in the contry,,,1000,,,Recycle corp,Yellow bags,Bag yellow,Disposed backyard,2 - full,Yes - green waste,5,Sunny and raining,,10000,10000,1,0,1,0,0,0,0,0,0,0,0,0,0,0,0,0,0,0,0,0,0,0,1,0,1,
H05_Van,5.986,,,Port Vila,5,Rice,Bread,Manihot,Buy,Buy,Buy,Month,80000,User Pays,70.20504,Week,Own,-17.72134,168.32311,,Radio social media,702.0504,2 bags per collection,4,10,Phone radio,Sometime only 1 collection a week,116,1,Safetygear (PPE) for workers,Yes& reduce the generated waste. Pick uo the other waste. Expersive to pay private contractor to pick up the rubbish,,,10000,Week,,Recycle corp,Bag,Bag,Bag/ Burn,Full bags,Yes - timber& green waste once a week.,,Fire/ sunny,,8000,15000,1,1,1,0,0,0,0,0,0,0,0,0,0,0,0,0,0,1,0,0,0,0,1,0,1,
SHR01_Van,36.7,50vt,Yes ,Shefa Rural,10,Groceries,Store,Clothes,Buy,Buy,Buy,,25000,Rates,87.7563,,Rent,-17.71365,168.29734,Council,Radio,219.39075,1,4,8,Yes,They come frequently,117,4,,Yes. If you could make this happen in vanuatu itd be for the better,Yes,11/10/2018,1500,Day,,Burn,Bin,Dig hole and bury,Bin,Overload,Yes,1,Raining,,10000,300,0,0,0,0,0,0,0,0,0,0,0,0,0,0,1,0,0,0,0,1,0,0,0,0,0,
SHR02_Van,13.124,20vt is best,Hard to say because it is community run,Shefa Rural,5,Groceries Market,Super Market,,Buy,Buy,,Month,50000,Rates,5.265378,,Own,-17.71365,168.29734,Bus driver& cleaner& Nakamal,In person,438.7815,one,3,6,No& only TV,Fairly satisfied but think could better,118,2.5,Free service of plastic bag,Yes ,Yes ,11/10/2018,1000,,,Bin collection,Bin collection,Bin collection,Compost area is too full& now put in rubbish bag,Overload,Carboard and leaves,2,Sunny and Raining,,600,600,1,1,1,1,0,0,0,0,0,0,0,0,0,0,0,0,0,0,0,0,0,0,1,1,1,
SHR03_Van,15.092,20vt / bag,1&000vt,Shefa Rural,10,Market,Super Market,,Produce and buy,Buy,,,100000,Rates,13.163445,,Own,-17.71365,168.29734,Government& Construction ,,877.563,3,2,7,Yes,Pick up every day,119,3,No,Yes& think it is good to have this or awareness,Yes,11/10/2018,300,,,Bin pET to nakamol,Bin pET to nakamol,Wash and Bin,Burn& compost,Fills 3 bins,Yes,10,Sunny and Raining,,1500,4000,0,0,0,0,0,0,0,0,0,0,0,0,0,0,0,0,0,1,0,0,0,0,0,0,0,
SHR04_Van,7.224,50/bag,Free,Shefa Rural,9,Shop-Market ,Homegrown,,Buy,Produce,,Month,40000,Rates,17.55126,Week,Own,-17.71365,168.29734,Carpenter,Yes& in person& private co. came to them,351.0252,1,1,5,No,Comes one day a week and takes rubbish,120,1,Better is 2days in 1 week,Yes& good idea,Yes& in person& private co. came to them,11/10/2018,5500,Day,,Bin,Bin,Bin,Pig,Overload,Leaf& Plastic,0,Sunny and windy,,2000,1000,0,0,0,0,0,0,0,0,0,0,0,0,0,0,0,0,0,0,0,0,0,0,0,0,0,
SHR05_Van,16.244,Yes good idea. She would like a greater community involement and do more surveys more frequently,Yes,Shefa Rural,10,Market,Supermarket,Store,Produce and buy,,,Month,40000,Rates,21.939075,,Own,-17.71330,168.29775,Numba 2 petrol station. Driver& cleaner,In person& yes,351.0252,1,2,3,Yes and TV,Come 1 time 1 week is good service,121,1,Free (Don't want to pay),,20-30Vt/ bag,11/10/2018,4500,Walk,,Bin,Bin,No use,Compost,Half capacity,Yes,2.5,Sunny,,2500,0,0,0,0,0,0,0,0,0,0,0,0,0,0,0,0,0,0,0,0,0,0,0,0,0,0,
SHR06_Van,22.07,20vt,400vt,Shefa Rural,9,Garden,Store,Market,Produce,Buy,Buy,,60000,Rates,87.7563,Week,Own,-17.71330,168.29775,Aus Gov. Pickers& Shop (x2),3rd party group,526.5378,3,3,10,Yes,No pay anything,122,14,Wants competition so can choose best option,Yes& Would encourage people to collect and earn money. Would love it if this could start ASAP,,11/10/2018,,,,Bin ,Bin ,Wash then Bin,Compost& pig,Overload,No,7,Sunny,,10000,,0,0,0,0,0,0,0,0,0,0,0,0,0,0,0,0,0,0,0,0,0,0,0,0,0,
SHR07_Van,7.601,40,in the bag,Shefa Rural,8,Market,Super Market,Karen,Produce and Buy,Produce and Buy,Produce and Buy,,7000,Rates,70.20504,,Own,-17.71330,168.29775,Bus driver,Yes (Radio),61.42941,1,3,,No& TV only,Happy,123,2,is good,Is good then pick up,,11/10/2018,2300,,,Bag,Burn,Bag,Compose,Plastic bag,Yes,7,Sunny,,8000,15000,0,0,1,1,0,0,0,0,0,0,0,0,0,0,0,0,1,0,0,0,0,0,1,1,1,
SHR08_Van,14.564,yes,1&000vt,Shefa Rural,10,,,,Buy,Buy,Buy,Month,30000,Rates,87.7563,Week,Own,-17.71330,168.29775,Work at ifira waff,From one small bag collection programme,263.2689,no bins but plastic and bag,1,3,Yes,Because they are faithfull to collect,124,4,,I would support because it will help a lot and also will reduce amount of waste in the community,yes,11/10/2018,4000,Week,,Taken by private collection,Burn,into the bag,through alone view side,4-5 bags,No,5,Windy,,10000,3000,0,0,1,1,0,0,0,1,0,0,0,0,0,0,0,0,1,0,0,0,0,0,1,1,1,
SHR09_Van,13.136,1 dollar,Monthly,Shefa Rural,,,,,Buy,Buy,,,,Rates,,,Own,-17.71330,168.29775,None,,,One,,6,Yes,,125,,I wan any company to remove my waste cause how the space is getting small,I will fully support this plan,Support,11/10/2018,,,,Into the road,Burn,Into the bags and to the road,Burn,Full,Yes& Leaves& grass and plastic,,Windy,,,,0,0,1,0,0,0,0,0,0,0,0,0,0,0,0,0,1,1,0,0,0,0,1,0,1,
SHR10_Van,3.9,1 dollar,1&000vt,Shefa Rural,5,Buy,Buy,Buy,,,,Month,66000,Rates,87.7563,Week,Own,-17.71330,168.29775,Worker at USP (University of the South Pacific),Frm one small bag,579.19158,No bins but bags,1,8,Yes,Not so good ,126,10,,Will support fully and wish if this could happen,Support,11/10/2018,1000,Month,,Laying around,Into the bags,,Burn ,Full and 1 each week,Yes,5,Sunny,,10000,15000,1,0,0,0,0,0,0,0,0,0,0,0,0,0,0,0,0,1,0,0,0,0,0,0,1,
SHR11_Van,2.984,3&000vt,3&000vt,Shefa Rural,5,Organics,,Clothes,Buy,Buy,Buy,Month,5000,Rates,17.55126,Week,Rent,-17.71330,168.29775,Council,,43.87815,1 x yellow bag,3,7,Yes,Not collected for last month& normally good,127,0,,Yes& support 10c soft drinks. Yes support levy.,Yes,11/10/2018,2000,Day,300,Burn,Burn (food to pigs),Yellow bag,Burn,1 Bag per week (Small),Yes,0,,,2000,2100,0,0,1,0,0,0,0,0,0,0,0,0,0,0,0,0,1,1,0,1,0,0,1,0,1,
SHR12_Van,7.812,700vt,2&000vt,Shefa Rural,6,,,,Buy,Buy,Buy,,18000,Rates,,,Own,-17.71330,168.29775,Construction (Own),From the municipal truck,157.96134,1,2,,Yes,Sometimes when we are still bringing the bags out the trucks just run off,128,3.5,They should collect two times a week,It will be a good thing and a good plan. And I support it because at the end of the day no body collects and it all becomes waste. So please do so and we will support it.,Yes would be very good,11/10/2018,2000,,,burn,all into the bag,into the plastic bag,all into the bag,1 plastic full,No,0,Windy,,,3000,1,1,1,0,0,0,0,0,0,0,0,0,0,0,0,0,0,0,0,1,0,0,1,0,1,
SHR13_Van,5.62,Support 10 cent return. Yes agree on a waste levy. A garbage truck every week to take the garbage away.,100vt per weekYes,Shefa Rural,,Grow,Shop other,Buy clothes,,,,Month,13500,Rates,17.55126,Week,Own,-17.71330,168.29775,Rest Worker,,118.471005,Carboard box,1,4,Yes,Not concistant with collection,129,0,No,,,11/10/2018,500,Week,,,Pick up (Palm leaf bag),,Burn,,Compostables,0,,,2000,1000,1,0,0,0,0,0,0,0,0,0,0,0,0,0,0,0,0,1,0,0,0,0,0,0,1,
SHR14_Van,5.208,300 to 500 per yellow bag,Unknown,Shefa Rural,5,,Love to grow. Have to buy& no land to grow ,clothes,Buy,,Buy,per month,1040,Rates,87.7563,Week,Own,-17.71330,168.29775,Driver (Transport)& Administration,,9.1266552,None,2,8,No,Collection& Not been regular lattely,130,1.5,Proper secate place to put rubbish. Bin provided,Support - 10 cent. Unsure about a levy system. Good changes to clean up island,Yes,11/10/2018,800,Week,,Yeloow bag/ burn,Yellow bag/ burn,,Yellow bag/ burn,,Yes,14,,,10000,10000,1,1,0,1,0,0,0,0,0,0,0,0,0,0,0,0,1,1,0,1,0,0,0,1,1,
SHR15_Van,0.634,,,Shefa Rural,,,,,Buy,Buy,Buy,Month,30000,Rates,175.5126,Week,Own,-17.70803,168.30023,Work at the Itira Company,,263.2689,None,1,10,Yes,,131,10,,Yes because were else would I put the waste so we will fully agree to spport,,11/10/2018,3500,Week,,Burn,Burn,Burn,Burn,,Yes,,Sunny,,20000,5000,0,0,0,0,0,0,0,0,0,0,0,0,0,0,0,0,1,1,1,1,0,0,0,0,0,
SHR16_Van,0.807,100vt is ok,1&000vt,Shefa Rural,7,Grow,Shop,,Produce,Buy,,Solar,25000,Rates,8.77563,,Own,-17.70803,168.30023,Business owner (Builder),Neighbours and radio,219.39075,,1,2,Yes,The service is good,132,0,All rubbish regardless of bag type be collected together,Yes. Good to help with income and reduce pollution around Vanuatu,Yes,10/12/2018,0,,,,Bin,Bin. Yellow bag,Garden Compost,,Only leaf,3,Sunny,,1000,2000,0,0,1,0,0,0,0,0,0,0,0,0,0,0,0,0,0,0,0,0,0,0,1,0,1,
SHR17_Van,2.306,20vt/ bag,500vt,Shefa Rural,2,Market,Store,,Buy,Buy,,Month,10000,Rates,61.42941,Week,Lease,-17.70694,168.30042,Prive business/ Work,They just looked us and called the private company,87.7563,,1,6,Yes,No info and didn't know about the service,133,7,Put notices around to inforrm locals of these services more info is needed to be Provided,Yes. Helps make income. Would like to have municipel service 2 times/ week. Plenty of people buy the yellow bag but the service doesnÂ’t come enough,Yes,11/12/2018,500,Week,,,,,,Full,Leaf,6,Sunny,,7000,700,0,0,0,0,0,0,0,0,0,0,0,0,0,0,0,0,0,0,0,0,0,0,0,0,0,
SHR18_Van,4.158,100vt,500-1&000vt,Shefa Rural,8,Market,Gron,,Buy,Produce,,Month,35000,Rates,52.65378,Week,Own,-17.70694,168.30042,Private business/ Shop& construction,,307.14705,No bin& only bag - 1 bag/ week,2,5,Phone radio,Private: 100vt is cheap for them& comes everyweek and leaves no rubbish ,134,1.5,Set Aside one spot for the community for the collection to pick up from all at once. Rather than a 'Here and there' kind of system,Yes. Good to help generate a little bit of income. She thinks its good to have the maunicipal come around for the use of larger bin bags and to also hear the concerns of the locals. Private collection bags are too small. 2/week collections will help reduce waste and to stop or reduce burning of our burnables,Yes,11/12/2018,1200,Week,,Burn& bin,Bin bag,,Burn& compoast,Full,,,Sunny,,6000,10000,1,0,0,0,0,0,0,0,0,0,0,0,0,0,0,0,0,1,0,1,0,0,0,0,1,
SHR19_Van,8.652,100vt,3-4&000vt,Shefa Rural,5,Market,Grow,Supermarket,Buy,Produce,Buy,Month,50000,Rates,8.77563,Week,Own ,-17.70561,168.30181,2x Private business& Department of corprtive ,In person at house ,438.7815,No bin uses plastic bags/ nets,3,6,Yes,Sometimes takes too lon to collect. Having to care for pick up.,135,10,On collection day do two collections. One AM and one PM. If they miss it& the rubbish stays too long,Yes& Good to look after environment everything gets recycled or reused environmentally friendly. Would like contact NO. of municipal or private companies so that if the rubbish collection is delayed or missed they can contact someone to collect it ooner ahter than later. You can buy a roll of bags for 500vt and get 50 in the roll,Yes,11/12/2018,12000,Day,3000,Recycle corp sometimes& Bin bag,Municipal Bags,Municipal bag,Compost,Full/ overload,Yes& Carton& plastic sometimes,16,Raining,,1000,21000,1,0,1,1,0,0,0,0,0,0,0,0,0,0,0,0,0,0,0,0,0,0,1,1,1,
SHR20_Van,25.33,50vt,400vt,Shefa Rural,,Market,Grow,,Buy,Produce,,Month,35000,Rates,8.77563,Week,Own,-17.70561,168.30181,Security,,307.14705,1 bag/ month,1,5,Yes,,136,,,Yes& to improve the use and control of plastic,Yes,11/12/2018,1000,,,Never get rid of ,Bin bag,Dig or dump on toilet (Long drop),Pig,Full ,,,Sunny,,1000,,1,0,0,0,0,0,0,0,0,0,1,0,0,0,0,0,0,0,0,0,0,0,0,0,1,
SHR21_Van,6.879,100vt/ bag is ok,2&000vt,Shefa Rural,1,Market,Supermarket,,Buy,Buy,,Month,40000,Rates,43.87815,,Own,-17.70561,168.30181,Australia Picrer& Digger,,351.0252,,2,6,Yes& Phone radio,never comes,137,4,Regular services and education,Yes. Income purpose are a bonus. The truck for collection never comes so they stopped using it and went back to just dumping their rubbish,yes,11/12/2018,3500,Week,,Over the fence to the road,Over the fence to the road,Long drop toilet hole,Burn& Pig,Overload,Yes everything together,2,,,5000,5000,0,0,0,0,0,0,0,0,0,0,0,0,0,0,0,0,0,1,0,0,0,0,0,0,0,
SHR22_Van,10.254,Yes& Some can't sell the bottle for cash& good for small person,Yes,Shefa Rural,,Market ,Grow,,Buy,Produce,,Solar,35000,Rates,8.77563,Week,Own,-17.70561,168.30181,Security,Little from neighbours,307.14705,0,1,7,No,Need the trucks to come more than once a week,138,1,500vt,,50vt,11/12/2018,0,Day,300,Burn,Burn,Long drop toilet hole,Pigs& burn,Half full (Small amount),Yes& everything ,0,Sunny,,1000,2100,0,0,0,0,0,0,0,0,0,0,0,0,0,0,0,0,1,1,0,1,0,0,0,0,0,
SHR23_Van,23.772,100vt/ bag is ok,Should be free. Like the private co. 'Wansmolbag',Shefa Rural,2,Market,Shop,,Buy,Buy,,Month,100000,Rates,8.77563,,Own,-17.70561,168.30181,House keeper& Manager  poinrdware& Receptionist,In person& she is community head and passes on info,877.563,,3,6,No,Always complain about the treatment of rubbish spilled in pick up  process,139,,Have community meetings w/ company to discuss proper practice methods& local engagement,Yes. Help people who could use the extra income. There is a little shop more that gives children a small amount of money in return for PET drinks does it for the community. The service is inconsistant and not that good when is does happen. Rubbish often scattered on the street because of garbage men recklesness,Yes,11/12/2018,15000,Day,300,w/ bin bag rubbish,Bin bag,Bin bag,Compost,Full,Yes& leaves,2,Cloudy,,1000,2100,1,0,1,1,0,0,0,0,0,0,0,0,0,0,0,0,0,0,0,0,0,0,1,1,1,
SHR24_Van,10.332,50vt,3-400vt,Shefa Rural,3,Market,Grow,Supermarket,Buy,Produce,,Solar,100000,Rates,30.714705,Week,Own,-17.70561,168.30181,Builder& Bar/ Restaurant& Livestock department,Saw the trucks,877.563,No bin& just bag 1/ week,3,5,Yes,Sometimes comes& mostly not,140,4.5,Does'nt know,Yes. Better for them (Incentiue) to recycle,Yes but its still plastic,11/12/2018,0,,,,Bin Bag,Bin bag,Pig& Compost,Full,No,,Cloudy,,3500,2000,1,0,1,0,0,0,0,0,0,0,0,0,0,0,0,0,0,0,0,0,0,0,1,0,1,
SHR25_Van,9.142,100vt is ok,1&000vt,Shefa Rural,4,Market,Shop,Grown,Buy,Buy,Produce,Month,30000,Rates,48.265965,,Own,-17.70561,168.30181,Builder x2 ,Heard from neighbour,263.2689,No bins& 2 bags/week,2,13,Yes,Infrequent collection,141,13,Don't know,Yes,Yes,11/12/2018,5000,Day,1000,,Bin bag,,Compost,Full,Yes& Leaves,10,,,5500,7000,1,0,0,0,0,0,0,0,0,0,0,0,0,0,0,0,0,0,0,0,0,0,0,0,1,
SHR26_Van,6.65,100vt ok if it could fit everything 50vt for all else. Some people can afford 100vt. Only Rich people). Most need 50vt or less.,400,Shefa Rural,9,Market,Supermarket,,Buy,,,Solar,70000,Rates,30.714705,,Own,-17.70561,168.30181,Bus driver& Store keeper,Just follows what his community says,614.2941,No bin& only bag& 1/week,2,6,Yes,Pick it up& better than the previous years,142,7,,Yes& Never see plastic bottle waste or large waste where it shouldnÂ’t be. Bigger salary for waste workers means all sectors would improve. Rubbish men picking up the bags have improved and he thinks this must be because theyre getting paid better so they care more.,DoesnÂ’t reduce plastic. No. bag too small& some rubbish doesnÂ’t fir,11/12/2018,0,day,300,,Bin bag,,Compost& Burn,Half full,Leaf& plastic& cardboard& tin,12,Sunny,,3500,2100,1,0,0,0,0,0,0,0,0,0,0,0,0,0,0,0,0,1,0,0,0,0,0,0,1,
SHR27_Van,2.82,100vt is ok,500-1&000vt,Shefa Rural,10,Market,Grow,Supermarket,Buy,Produce,,Month,150000,Rates,52.65378,Week,Own,-17.70491,168.30262,Teacher& Taxi driver& House carer& construction,In the shop,1316.3445,1 bin,4,9,No& only TV,Always taken and always clean,143,10,Currently 1 day/week would like 2 days/week,Yes,no. wants a large reuseable bin instead,11/12/2018,10000,Week,,Bin out front of house,Bin bag,Bin Bag,Burn& Compost& Bin bag,Full,Yes plastic& leaf& food scrap.,10,Raining,,6000,1500,1,1,1,0,0,0,0,0,0,0,0,0,0,0,0,0,0,1,0,0,0,0,1,0,1,
SHR29_Van,1.84,50vt or less,up to 5&000vt,Shefa Rural,5,Grow,Market,Supermarket,Produce,Buy,Buy,Month,100000,Rates,43.87815,Week,Own,-17.70220,168.30490,Shope owner,in person,877.563,3,1,5,radio and TV,Sometime it takes a month to come for 'engine problem',145,10,Provide bin bags or big bina for people also seregate bin options (Recycle& green& gender),yes,yes,11/12/2018,2000,Day,500,Rubbish collection spot,Bin Bag,Bin bag,Compost,Full,yes& Just leaves,5,Raining,,5000,3500,1,0,1,1,0,0,0,0,0,0,0,0,0,0,0,0,0,0,0,0,0,0,1,1,1,
SHR30_Van,6.4,100vt,Monthly,Shefa Rural,10,,,,Buy,Buy,Buy,Month,32500,Rates,87.7563,Week,Rent,-17.70220,168.30490,Bus driver,,285.207975,1,2,6,,because,146,2,There should be more recycle company,I support this plan and I want this to work,Will support the idea further,11/12/2018,5000,Week,,road,compost,road,Compost,Full,no,,Raining,,10000,5000,0,0,0,0,0,0,0,0,0,0,0,0,0,0,0,0,0,0,0,0,0,0,0,0,0,
SHR31_Van,5.178,Yes,would like to recycle,Shefa Rural,,Grow and &arket,Supermarket,Buy clothes,,,,Month,90000,Rates,87.7563,Week,Own,-17.70220,168.30490,Carva Bar/ Other,,789.8067,No uses old plastic bag,6,11,Yes,No always picked up,147,2,On the day suppore to ,support a levey system. Would like to have recycling stop rubbish being thrown on the streets. Clean up Vanuatu,50vt to 100vt per week,11/12/2018,9500,Week,,Private pick up/ burn wood,Burn and private pick up,None,Comst and burn,,,3.5,Raining,,10000,3000,0,0,0,0,1,0,0,1,0,0,0,0,0,0,0,0,1,1,0,1,0,0,0,0,0,
SHR32_Van,1.326,100vt,100-1&000vt,Shefa Rural,10,,,,Buy,Buy,Buy,Month,30000,Rates,21.939075,month,Own,-17.70220,168.30490,Security woman,,263.2689,1,1,,No,Because they collect each week,148,3,Sometimes the are there too long and when it smells the dogs tear the bag - thus should collect 2 times a week week or 3 times,I reallly support their plan I wish if these could work& because there are many rubbish laying around the area - I support fully,Yes,11/12/2018,3500,week,,Into the bag (Yellow bag),into the bag (Yellow bag),Into the bag (Yellow bag),Into the bags (yellow bag),Full,No,5.5,Rainy,,2500,5000,1,1,1,1,0,0,0,0,0,0,0,0,0,0,0,0,0,0,0,0,0,0,1,1,1,
SHR33_Van,4.856,50vt per bag,1&000 per month,Shefa Rural,,Food from market,,Cloths from the shop,,,,Month,200000,Rates,4.387815,week,Rent,-17.70220,168.30490,Bar work,,1755.126,1 bag,2,5,No,Sometime miss to pick up,149,1,,Suuport levy. It is good that all platic goes in one bag to take it away. Makes the island cleaner,Yes,11/12/2018,1000,Week,,Pick up private,Yellow bag and burn,none,Compost and burn,Full,Yes,24,Raining,,500,5000,1,0,0,0,0,0,0,1,0,0,0,0,0,0,0,0,1,1,0,0,0,0,0,0,1,
SHR34_Van,8.502,50vt to 100vt,,Shefa Rural,,Markets and grow,Super markets,Shop for clothes,,,,1 month,,Rates,65.817225,Two weeks,Own,-17.70133,168.30685,Export,,,none,2,4,Yes,None,150,,No he thinks that the service is important,Support levy. Would support cleaning up the islands,Yes,11/12/2018,3000,Two weeks,,Private pick up,Burn and yellow bag,none,Comfort and burn,Yes,Yes,4,Rain,,7500,2400,1,0,0,0,0,0,0,1,0,0,0,0,0,0,0,0,1,1,0,0,0,0,0,0,1,
SHR35_Van,1.638,1 dollar/ 100vt,monthy and about 10&000vt,Shefa Rural,6,,,,Buy,Buy,Buy,Month,40000,Rates,175.5126,Week,Rent,-17.70178,168.30683,Taxi driver,,351.0252,1 plastic bag,,,Yes,Collection not good,151,5,They should colelct 2-3 times a week,Please make sure this happens& because as a taxi driver I will be more happy to tell any tourist how clean my town and area is. Make it happen quckly,I will spport because it will be nicer to see the city and area clean,11/12/2018,4000,Week,,road,road,road,Compost (Put around tress and slowers),Full,No,10,Raining,,20000,5000,0,0,0,0,0,0,0,0,0,0,0,0,0,0,0,0,0,0,0,0,0,0,0,0,0,
H28_Van,10.652,100vt depending on the size of the bags,Any amount they given me,Port Vila 2,5,,,,Buy,Buy,Buy,Month,,User Pays,122.85882,Week,Own,-17.71971,168.31609,Carpentry,,,1,,7,Yes,Because some times they don't come,152,3.5,They should collect and not to miss a day because when they donÂ’t collect it smells,Support,I will support this idea,14/11/2018,3000,Week,,into yeloow bag,Take to the landfill by me,,Yellow BagsYellow bags,Full,,5,,,14000,3000,0,1,0,1,1,0,0,0,0,0,0,0,0,0,0,0,0,0,0,0,0,0,0,1,1,
H27_Van,7.124,1 dollar,any amount available,Port Vila 2,10,,,,Buy,Buy,Buy,month,75000,User Pays,131.63445,Week,Own,-17.71975,168.31561,Bus and works at the fuel company,,658.17225,2,1,5,Yes in the car,Service is good ,153,,we should introduce some more other plastic so that we can separate our waste and who ever respansible for which typed waste comes and collect,support,Yes,14/11/2018,6000,,,remove by myself to the land fill,into bin Yellow,into yellow bag,Into bin (Yellow),full,no,5.5,Sunny,,15000,500,1,1,1,0,0,0,0,0,0,0,0,0,0,0,0,0,0,0,0,0,0,0,1,0,1,
H26_Van,2.824,100vt,Any amount,Port Vila 2,10,,,,Buy,Buy,Buy,,,User Pays,70.20504,Week,Rent,-17.71483,168.31446,Work and Private business,From the TV,,2,2,7,No,Collection is much better than before,154,2,,support,Yes will support for good competition,14/11/2018,,Week,,into yellow bag,into yellow bag,into yellow bag,into yellow bag,Sometimes full and sometimes halffull,No,5,Sunny,,8000,5000,1,1,1,1,0,0,0,0,0,0,0,0,0,0,0,0,0,0,0,0,0,0,1,1,1,
H25_Van,3.896,100vt,Any fee asked for,Port Vila 2,10,,,,Buy,Buy,Buy,Month,52000,User Pays,87.7563,Week,Own,-17.71593,168.31156,Work,,456.33276,1,2,7,No,Coleection system is good,155,3,None,I fully support,I think it will be a good one& because we need competition from another company to find the price and collection will be good,14/11/2018,4000,Week,,Removed by myself,In yellow bags,In yellow bags,In yellow bags,Full,No,5,Sunny,,10000,4000,1,1,1,0,0,0,0,0,0,0,0,0,0,0,0,0,0,0,0,0,0,0,1,0,1,
H24_Van,2.794,What ever size enough for my rubbish,,Port Vila 2,10,,,,Buy,Buy,Buy,Month,,User Pays,87.7563,Week,Own,-17.71493,168.31335,Private work (carpenter),From the radio,,1,1,5,Yes,Good collection at the moment,156,2.5,None,,Any amount given I support an idea if introduce but it must work,14/11/2018,3000,Week,,remove by municipal but pay for a fee,Into the yellow plastic bags,Into the yellow plastic bags,Into the yellow plastic bags,Full,,5.5,Sunny,,10000,4000,1,1,1,0,0,0,0,0,0,0,0,0,0,0,0,0,0,0,0,0,0,0,1,0,1,
H23_Van,11.512,Depends on the size of the plastic compare to the waste produced,What ever they say& because who else will do thhese collections,Port Vila,8,,,,Buy,Buy,Buy,Month,44000,User Pays,131.63445,Week,Own,-17.71593,168.31319,Wilco hardware,its been introduce for a long time now,386.12772,1,3,7,No,Because when some rubbish full of plastic they don't collect& just leave them there and are blown away by the wind and also dogs,157,3,,I support this plan,Yes,14/11/2018,5000,Week,,buy transport or private to collect,into the yellow bags,into the yellow bags,Into the yellow bags for truck to collect,Full,No,5.5,Sunny,,15000,5000,1,1,1,1,0,1,0,1,0,0,0,0,0,0,0,0,0,0,0,0,0,0,1,1,1,
H22_Van,6.086,100vt is ok,1&000vt - Thinks a yearly subscribtion is beeter,Port Vila,7,Supermarket (rice and canned),Market,,Buy,Buy,,Week,100000,User Pays,78.98067,Week,Own,-17.72877,168.31842,Fisheries dept,Newspaper& in perosn,877.563,no. Yellow bag,1,5,No. Only TV,fairly good,158,1,Want to separate recycle and non. Have proper bins. Increase worker OHES. Monthly Newsletter for use Analysis. Introduce Fines for community,Yes. Put covers over trucks to reduce rubbish flying off. Incentivise employees and give them a uniform. Local compost crushing machine is wanted. Yes public transport system to advetise how to dispose of rubbish correctly. Education in schools is key.,Yes,14/11/2018,2000,Day,,Self service at dump once/ year,Yellow bag& store glass bottles ,Yellow bag,Burn& Compost,Full,Yes& Tree& leaves& organics,10,Sunny,,9000,10000,1,0,1,0,0,0,0,0,0,0,0,1,0,0,0,0,0,1,0,0,0,0,1,0,1,
H21_Van,25,50vt,800vt,Port Vila,10,Rice,Market,Grow,Buy,Buy,Produce,Month,59000,User Pays,7.898067,Week,Own,-17.73042,168.31961,Rent houses,On TV in person,517.76217,No. yellow bags,0,,Yes,Rubbish is collected all the time& regularly,159,,Council or municipal should be responsible for getting rid of the dogs& because they break en the bags and spread rubbish,Yes& It will stop people from just tossing their small items away. Increse cleanliness of environment,Yes. (Can the municipal give out some free ones every now and then),14/11/2018,900,,,At pick up,Yellow bags,Yellow bags,Yellow bags,Full,No,1,Sunny,,900,,1,1,1,0,0,0,0,0,0,0,0,0,0,0,0,0,0,0,0,0,0,0,1,0,1,
H20_Van,6.632,100 okay,1&000vt,Port Vila,10,,,,Buy,Buy,Buy,Month,25000,User Pays,87.7563,Week,Own,-17.72491,168.32157,Kava Bar ,,219.39075,1 plastic bag,,5,Yes,Their collection is good but not so safe. ,160,0,The council should buy handgloves for the workers becsue we donÂ’t separate our waste so its not good for the collectors,I suppoer because it works in NZ so I think it should also be for us. Can the municipal do the awareness for us& people to do the separration and the council will endordoce other plastic bags (other colour) for bottles& Aliminium cans& plastic film& cardboard ect. Do that the waste is proberly sorted and managed. We should do alot of recycling becuase its the only option to help keep the place clean. we can also do composting and when left over food use should given them to the dogs.,I support the idea because I've been to NZ and I saw its good,14/11/2018,7000,Week,,Burries them,into the plastic bag,into the plastic bag,Burning them,I make sure it is full because plastic is full I pay for the plastic,No& but I burry some,0,Sunny,,10000,4000,1,0,1,0,0,0,0,0,0,0,0,0,0,0,0,0,0,1,0,0,0,0,1,0,1,
H19_Van,21.806,100vt is ok,500vt,Port Vila,10,Market,Shop,Grow,buy,Buy,Produce,Month,25000,User Pays,35.10252,Week,Own,-17.72462,168.32114,Security,Owners of the park nearby informed the locals,219.39075,No,1,5,No,Good to collect the rubbish and contain small items,161,0,,Yes& good that you can make small income. Good that less things go to waste and more is recycled. If they have a complaint they call the municipal and they come back to collect,Yes,14/11/2018,1200,Week,,Arrange pick up,Yellow bags,Yellow bags,Compost& Garden,Full,Only leaf,5,Sunny,,4000,2000,1,0,1,0,0,0,0,0,0,0,0,0,0,0,0,0,0,0,0,0,0,0,1,0,1,
H18_Van,3.636,50 will be much better,Any amount,Port Vila,10,,,,Buy,Buy,Buy,Months/2,,User Pays,35.10252,Week,Own,-17.72382,168.32099,Nakamal,,,6to 7 plastic bags,,5,Yes,They collect but when problems with their viechaels they are not good,162,0,,I support this idea,Support,14/11/2018,1000,Week,,,Into plastic bags,Plastic bags,Burn,Full,Yes,2,Sunny,,4000,5000,1,0,1,0,0,0,0,0,0,0,0,0,0,0,0,0,0,1,0,0,0,0,1,0,1,
H17_Van,1.6,50vt,600vt,Port Vila,2,Market,Rice from shop,Grow,Buy,Buy,Produce,Month,100000,User Pays,57.041595,Week,Own,-17.71908,168.32236,Vanuatu teachers union& House keeper Officer,Radio,877.563,No. Only bags,3,11,Yes,Carless about breaking the bags and leave it on the streets,163,,Better management of safety& collectors don't wear PPE and therefore won't collect spill waste,Yes,Yes but you have to spend money to but,14/11/2018,8500,Day,300,Yellow bag,Yellow bag,Yellow bag,Compost,Half-full,Yes& leaves,4,Sunny,,6500,2100,1,0,1,1,0,0,0,0,0,0,0,0,0,0,0,0,0,0,0,0,0,0,1,1,1,
H16_Van,11.816,,1&000vt monthly,Port Vila,10,,,,Buy,Buy,Buy,Month,25000,User Pays,26.32689,Week,Own,-17.71895,168.32171,,,219.39075,1,4,8,Yes,goodit could be more better if the collected collect what fall off the bet,164,2,,Support and also from the government if they support will be much beter,Support& 50vt will be much better,14/11/2018,4500,,,into plsatic bag,into plsatic bag,into plsatic bag,into plsatic bag,Full up good because we pay for the plastic ,waste win along road,,,,3000,,1,1,1,1,0,0,0,0,0,0,0,0,0,0,0,0,0,0,0,0,0,0,1,1,1,
H14_Van,9.878,Already do it,Fair price,Port Vila,9,Local food,Ria,Meat,Buy,Buy,,Month,400000,User Pays,43.87815,Fortnight,Rent,-17.72177,168.32236,Job,Neighbours,3510.252,,2,7,Yes,,165,,To collect other rubbish too. To segregate so less waste/ better recycling.,Think its good. Everything is mixed and it shouldnÂ’t be,Already do it,14/11/2018,1000,,,picked up,yellow bag,yellow bag,no green waste,1 yellow bag,No,5,Sunny,,5000,5000,1,0,1,0,0,0,0,0,0,0,0,0,0,0,0,0,0,0,0,0,0,0,1,0,1,
H13_Van,9.91,100vt is ok,400vt,Port Vila,9,Market ,Grow,,Buy,Produce,,Month,,User Pays,43.87815,2 weeks,Own,-17.72185,168.32220,VNPF& Women office,Watched neighbours,,no Bin& use plastic bags,2,5,Yes,When waste is taken all their waste is taken,166,7,,yes,Yes,14/11/2018,4000,Day,600,Backyard Dump,Yellow bags,Yellow bags,Burn& Compost,Half - full,Yes& Grass& leaves,,Sunny,,5000,4200,1,0,1,0,0,0,0,0,0,0,0,1,0,0,0,0,0,1,0,0,0,0,1,0,1,
H11_Van,4.892,Maybe to much for big farms,homes for big families,Port Vila,8,Vegetables,Cauulfusion,Eggs,buy,Buy,Buy,month,70000,User Pays,52.65378,Month,Own,-17.72122,168.32150,Pention but still work,,614.2941,,1,1,Yes,regularly collection. Reliable& Although if vehicles break system has impacts from the past collection system for big (Cant understand the rest),167,,,Support good. Once a week would not be enough,,11/10/2018,1000,Month,,collected by weight - public collection,yellow bag,no,Composted in garden,1 yellow bag every 3 months,burn the dry leaves,,Sunny,,6000,300,1,0,0,1,0,0,0,0,0,0,0,0,0,0,0,0,0,0,0,0,0,0,0,1,1,
H09_Van,4.91,Pvia in vearough (Don't know what is says),Willing to participate& unsure for bulky that is ,Port Vila,8,Local food,Rice,Cookie/ biscuit,Buy,Buy,Buy,Month,150000,User Pays,52.65378,Fortnight,Own,-17.72081,168.32295,Working,,1316.3445,,2,10,Phone and TV,Service is quite good - work is collect,168,,So we thing for large work that wont fit in the bag,Support CDL& gets rid of plastic. In case for unemployment. Uses less room in the bag. Sepcate for special collection day - tiusa& Obsour& Iren (Don't know what it says),Alvesle doui (Don't know what is says),11/10/2018,3500,Week,,Public collection,1 yellow bag a week,Yellow bag,fire wood/ burn dry ,,Woody aste/ dry leaves,24,Sunny,,6000,4000,1,0,1,1,0,0,0,0,0,0,0,0,0,0,0,0,0,1,0,0,0,0,1,1,1,
H08_Van,4.162,50vt,<2&000vt,Port Vila,7,Supermarket,Market,,Buy,Buy,,Month,80000,User Pays,43.87815,Week,Own,-17.72177,168.32236,3x Private business& housemaide,Newspapaer said only yellow bags get collected,702.0504,1 x 240L,4,6,Only TV,Never really had a problem But occasionally the bags get missed,169,,As long as overthing is done cleanly theyre happy,Yes. Has no problem with a system that helps the community and the environment as long as there are no side-effects to the community& they have no issues with these systems.,DoesnÂ’t see any advantage of the yellow bag ove the other,14/11/2018,12500,Week,,Arrange for pick up,Yellow Bag,,Compost& Give to friends pigs,Half-Full,No,8,Sunny,,5000,4000,1,0,0,0,0,0,0,0,0,0,0,0,0,0,0,0,0,0,0,0,0,0,0,0,1,
H07_Van,12.194,100vt,1&200vt,Port Vila,10,Rice,Market,Fgrow,Buy,Buy,Produce,Month,100000,User Pays,43.87815,,Own,-17.72134,168.32311,Teacher& Rents out,Municipal came in person,877.563,No plastic bag,1,3,No plastic bag,The yellow bag system infuences other to improve their waste habbits,170,,Need better quality pick up points,Yes& Recycling is good so as to utilise the landfill better,Yes& leaf,14/11/2018,2000,Day,,Arrange with municipal truck to collect,Bin bag,,Compost,Full,Yes& leaf,7,Sunny,,5000,300,1,0,0,1,0,0,0,1,0,0,0,0,0,0,0,0,0,0,0,0,0,0,0,1,1,
H06_Van,10.292,100vt is ok,500vt,Port Vila,2,Rice + Market ,Grow Veggies,,Buy,Produce,,Month,30000,User Pays,57.041595,Week,Own,-17.72098,168.32357,Teacher,Saw other doing it& saw municipal collecting,263.2689,No,1,4,No - only TV,Not healthy rubbish flys all over the place ,171,,Need better rubbish trucks and safety measures.,Yes& food to recycle and the result will be better for Vanuatu. The collection crew has no PPE. DoesnÂ’t seem safe& rubbish also flys off the back of trucks and creates a bigger problem,Yes& but if there were more types of seperation it would be better,14/11/2018,4000,Week,,Put at bin collection spot,Yellow bag,Put in capton with other rubbish,Garden/ compost,Half-full,Yes& Paper& Leaf,2,Sunny,,6500,1000,1,0,0,1,0,0,0,0,0,0,0,0,0,0,0,0,0,0,0,0,0,0,0,1,1,
H04_Van,11.24,,,Port Vila,5,Rice,chicken,local Food,Buy,buy,Buy,Week,27500,User Pays,48.265965,2 weeks,Own,-17.72033,168.32292,Mixed business/ work in school,,241.329825,,1,5,phone ,something will be collected. Reduction in service - No weekly  ( Cannot read),172,1,Be regular/ do weekend collection for waste to be recycled. Not black bags. Food and liquid worker spill out through. Poor collection - should take water that  . Provide more services.,Yes & support& Bag system is better than previous systems. Small bag before (Cannot read the rest).,,11/10/2018,1250,Week,,Private collector - no more than once a year,1 bag for 2 weeks,yellow bag,Compost - some burning,2 bags work (lap) 1 bag 2 week (yellow bag),Yes - dry leaves,25,Sunny,,5500,1500,1,0,1,1,0,0,0,1,0,0,0,0,0,0,0,0,0,1,0,0,0,0,1,1,1,
H03_Van,15.658,50vt,up to 3&000vt,Port Vila,10,Market,Supermarket,Plant/grow,Buy,Buy,Produce,Month,30000,User Pays,35.10252,,Own,-17.72025,168.32276,Taxi Driver& Printer& Tourisum,on TV,263.2689,1x240,3,6,No& only TV,Always clean,173,3,,Yes good for recycling of materials,Yes& Leaf and cardboard,14/11/2018,2000,Week,,Bin,Bin,Bin,Bin,Half,Yes& Leaf and cardboard,1.5,Sunny,,4000,1000,0,0,0,0,0,0,0,0,0,0,0,0,0,0,0,0,0,0,0,0,0,0,0,0,0,
H02_Van,4.562,80vt,1&000vt,Port Vila,5,Rice,Markets,,Buy,Buy,,,30000,User Pays,43.87815,,Rent,-17.71923,168.32376,Nakamal,,263.2689,No& only 1 bag every 3 weeks,1,3,Yes& leaf& plastic& cans& everything,When rubbish fall off at collection its just left at the roasdside for the locals to deal with,174,0.5,,Yes. Will help for income. Will be good for the environments,Yes& leaf& plastic& cans& everything,14/11/2018,,day,,Plastic bag,Plastic bag,,Plastic bag,Full,Yes& leaf& plastic& cans& everything,1,Sunny,,5000,300,1,1,0,1,0,0,0,0,0,0,0,0,0,0,0,0,0,0,0,0,0,0,0,1,1,
H01_Van,19.52,50-60vt,2&400vt,Port Vila,8,Rice/ Meat,Market,Grow,Buy,Buy,Produce,Month,140000,User Pays,131.63445,,Rent,-17.71891,168.32379,Teachers x 2,They saw the truck come on particular days,1228.5882,4 bags/1 week. No bin,2,7,Phone radio,Easy for collection and is better than older system,175,0,Family/ households need more information about how to use the service ,Yes. Ensure the local area will be cleaner and people can gain an income from it. The municipal bags should have multiple colloured bags to increases seperation of rubbish,Yes& Leaves& plsatic and textiles,14/11/2018,2000,,,Yellow plastic bag& Sometimes burn,Yellow plastic bag,,Compost& feed pets,Overload,Yes& Leaves& plsatic and textiles,12,Sunny,,15000,3000,1,0,0,1,0,0,0,0,0,0,0,0,0,0,0,0,0,0,0,1,0,0,0,1,1,
LV29_Van,1.722,50vt,Refugees,Luganville,10,Rice,,,Buy,,,,,User Pays,13.163445,,Rent,-15.51029,167.17698,,Friends,,,,5,Yes,Because it helps tp clear compounds,176,,,Yes,yes,20/11/2018,,,,Store away,Red plastic,Red plastic,Red plastic,,Burn leaves,,Sunny,,1500,,1,1,1,0,0,0,0,0,0,0,0,0,0,0,0,0,0,0,0,0,0,0,1,0,1,
LV30_Van,2.416,80vt,500vt,Luganville,10,Rice,Banana,Wild Yaw,Buy,Produce,Produce,Month,,User Pays,43.87815,Week,Own,-15.50701,167.17286,Chief& Shop assistant,Awareness,,No,2,10,Cell phone radio,better collection and efficient,177,,Municipal to employ unemployment boys to collect waste,yes,yes,20/11/2018,200,Week,,Pay gat fee and dump at the dumpsite,Burn,Rev plastic,Compost,Full,Burn leaves,,Sunny,,5000,1000,0,0,0,0,0,0,0,0,0,0,0,1,0,0,0,0,1,0,0,0,0,0,0,0,0,
LV31_Van,2.004,Maintian the current price,1&500vt,Luganville,10,Rice,Taro,Banana,Buy,Produce,Produce,Month,,User Pays,87.7563,Week,Family,-15.50694,167.17920,Church Pastor,Family,,1,1,6,Cell phone radio,Because she does not want to burn waste,178,,,Yes,Yes,22/11/2018,7000,Week,,,Red bag,Red bag,Compost,Full,Burn grass/ Leaves,,Sunny,,10000,200,1,0,1,0,0,0,0,0,0,0,0,0,0,0,0,0,0,0,0,0,0,0,1,0,1,
LV32_Van,5.272,Skill maintain the current rice,1&000vt,Luganville,10,Rice,Mamioc,Banana,Buy,Produce,Produce,Month,,User Pays,87.7563,Week,Own,-15.50676,167.17638,Network/ Local authority,LMC awareness,,2,2,6,Yes,Educates the general public on waste,179,,,Yes,yes,22/11/2018,4000,Week,,Stored away,red plastic,,Compost,Full,Burn leaves,,Sunny,,10000,3000,1,0,0,1,0,0,0,0,0,0,0,0,0,0,0,0,0,0,0,0,0,0,0,1,1,
LV33_Van,13.788,maintain the current price,500vt,Luganville,10,Rice,Banana,Kumala,Buy,Buy,Buy,,,User Pays,43.87815,Week,Rent,-15.50700,167.18611,Vanuatu football federation VFF,LMC awareness,,2,1,,Yes,Collection ,180,,,yes,Yes,22/11/2018,,Week,,Stored away,Red plastic,Red plastic,Compost,Full,Burn leaves,,Sunny,,5000,1000,1,0,1,1,0,0,0,0,0,0,0,0,0,0,0,0,0,0,0,0,0,0,1,1,1,
LV34_Van,8.502,Maintain the current price,500vt,Luganville,10,Rice,Tare,Kumale,Buy,Buy,Buy,Month,,User Pays,43.87815,Week,Rent,-15.50700,167.18611,Driver& Nurse,Friends,,No,2,4,Radio,Maintains a healthy envionment,181,,,Yes,Yes,22/11/2018,1000,,,,Red plastic,Red Plastic,Compost,Full,Burn leaves,,Sunny,,5000,,1,0,1,0,0,0,0,0,0,0,0,0,0,0,0,0,0,0,0,0,0,0,1,0,1,
LV35_Van,2.58,Maintain the current price,2&000vt,Luganville,10,Rice,Banana,Rtaro,Buy,Buy,Buy,Month,,User Pays,87.7563,Week,Own,-15.50703,167.17734,Shop assistance& private company,LMC awareness,,No,2,,Yes,Removes waste from the residence,182,,,Yes,Yes,22/11/2018,5000,Week,,,Red bag,Red bag,Compost,Full,Burn leaves& plastic,,Sunny,,10000,5000,1,0,1,0,0,0,0,0,0,0,0,0,0,0,0,0,0,0,0,0,0,0,1,0,1,
LV36_Van,0.508,Still maintain the current price,200vt,Luganville,10,Manioc,Taro,Rice,Produceierra,Buy,Buy,Month,10000,User Pays,43.87815,Week,Own,-15.50755,167.17923,Handicraft,From friends and families,87.7563,no,1,3,Cell phone radio,Because there are no more other oportions,183,,,Yes,yes,23/11/2018,11000,Week,,towed away,Red bag,,Compost,not full,Burn leaves,,Sunny,,5000,4000,1,0,0,0,0,0,0,0,0,0,0,0,0,0,0,0,0,0,0,0,0,0,0,0,1,
LV37_Van,3.03,50vt,500vt,Luganville,8,Banana,Taro,Rice,Produce and Buy,Buy,Buy,,20000,User Pays,87.7563,Week,Own,-15.50778,167.17953,Part time job,Friends ,175.5126,no,,7,Yes,Maintains a clean environment,184,,Must collect all stuff filled in other bags/ containers,Yes,Yes,23/11/2018,,,,Burn,Red bag,Red bag,Compost,full,Burn leaves,,Sunny,,10000,,1,0,1,0,0,0,0,0,0,0,0,0,0,0,0,0,0,0,0,1,0,0,1,0,1,
LV38_Van,1.412,No payment,500 vt,Luganville,10,Rice,Mamoc,Taro,SuProduceProducelied by the Vanuatu government,Buy,Buy,month,,User Pays,26.32689,Week,Own,-15.50741,167.17988,refugees from ambue volcaneo,Family/ neighbours in the neigborhood,,No,,9,No,Keep a healthy environment,185,,,Yes,Yes& but they commented that they should be given free,23/11/2018,900,,,No new settlement,Burn,Toilet,Burn,Full,Burn leaves,,Sunny,,3000,,0,0,0,0,0,0,0,0,0,0,0,0,0,0,0,0,1,1,0,0,0,0,0,0,0,
LV39_Van,8.76,Maintain the current price,200vt,Luganville,10,Rice,Turo,Banana,Buy,Buy,Buy,Month,,User Pays,26.32689,Week,Own,-15.50766,167.18115,Customs& Chiuer,From the neighourhood,,1,2,4,Yes,Because theyÂ’ve witness and clean environment,186,,,yes,Yes,23/11/2018,1000,,,,Red bag,Red bag,Compost,Full,Burn leaves,,Sunny,,3000,,1,0,1,0,0,0,0,0,0,0,0,0,0,0,0,0,0,0,0,0,0,0,1,0,1,
LV40_Van,11.936,50vt,200vt,Luganville,9,Rice,Taro,Banana ,Buy,Buy,Buy,month,20000,User Pays,43.87815,Week,Rent,-15.50794,167.18192,Driver/ Seasonal workers (Australia),Sanma proinanal government,175.5126,1,1,4,No,The intention to have a clean environment ,187,,the information on bulky waste is not clear,Yes,Yes,23/11/2018,1000,Week,,,Dug hole,red bag,Dug hole,Full,Burn leaves& plastic& paper and things,,Sunny,,5000,2000,0,0,1,0,0,0,0,0,0,0,0,0,0,0,0,0,0,0,0,0,0,0,1,0,1,
LV41_Van,2.846,no changes to the price,6&000vt,Luganville,8,Taro,Rice,Banana,Buy,Buy,Buy,Month,14000,User Pays,43.87815,week,Own,-15.50833,167.18120,Driver,Awareness from LMC,122.85882,No,2,6,Yes,Because it cleans the compounds,188,,,Not a good idea. Bo clear reason given,Yes,23/11/2018,500,,,,Red plastic/ burn,,Compost,Full,Red plastic,,,,5000,,1,0,0,0,0,0,0,0,0,0,0,0,0,0,0,0,1,0,0,0,0,0,0,0,1,
LV42_Van,7.534,50vt,500vt,Luganville,10,Taro and banana ,Rice,Local Food,Buy,Buy,Produce,Month,20000,User Pays,87.7563,Week,Own,-15.51161,167.18834,Education,in person by municipal,175.5126,4& one big& 3 small,1,4,Radio phone,The collection is done well and the family happy with the resultst,189,,,Yes,Yes,24/11/2018,6000,Day,,Next to red bag for collection,Red bag,,Burn& Pig and compost,Half-full,Green only,24,Sunny,,10000,500,1,0,0,1,0,0,0,0,0,0,0,0,0,0,0,0,0,1,0,0,0,0,0,1,1,
LV45_Van,3.99,To maintain the current price,2&000 vt,Luganville,10,Rice,Island taro,Banana,Buy,Buy,Produce,month,,User Pays,43.87815,Week,Rent,-15.51202,167.19048,Tourism Sector,awareness,,1,2,5,No,reduce pollution,191,1,,Yes,Yes,22/11/2018,1000,Week,,Stored safely,Red bag,Red bag,Compost (Feed pig feed),Full,Burn leaves& card boards,3,Sunny,,5000,4000,1,0,1,1,0,0,0,0,0,0,0,0,0,0,0,0,0,0,0,0,0,0,1,1,1,
LV46_Van,5.462,Maintain the current price,500vt,Luganville,10,Rice,Banana,Taro,Buy,Buy,Produce,,,User Pays,87.7563,Week,Own,-15.51106,167.18641,oil meal,Friends,,,1,3,No,Cleans the environment ,192,,,Yes,yes,22/11/2018,2000,Week,,Stored away,Red plastic,red plants,Compost ,,Burn leaves,,Sunny,,10000,2000,1,0,1,1,0,0,0,0,0,0,0,0,0,0,0,0,0,0,0,0,0,0,1,1,1,
LV47_Van,1.108,Still maintain the 80vt scale,1&000vt,Luganville,10,Rice,Cassaua,Banana,Buy,Produce,Produce,Month,40000,User Pays,26.32689,Week,Own,-15.51384,167.16359,VCP2,Awareness,351.0252,1,1,5,Yes,Maintain cleanliness,193,,,Yes,Yes,22/11/2018,7000,Week,,Stored away,Redplastic,Red plastic,Compost,full ,Burn leaves,,Sunny,,3000,2000,1,0,1,1,0,0,0,0,0,0,0,0,0,0,0,0,0,0,0,0,0,0,1,1,1,
LV49_Van,0.778,50vt,Don't know ,Luganville,10,Rice,Manioc,Banana,Buy,Buy,Produce,,,User Pays,43.87815,Week,Own,-15.51437,167.16613,Vanuatu Police Force,Friends/ family ,,,1,5,No,Collects waste from yards,194,1,,Yes,yes,22/11/2018,,,,Stored away,Red bag,Red plastic,Compost,Full,Burn leaves,1,Sunny,,5000,,1,0,1,1,0,0,0,0,0,0,0,0,0,0,0,0,0,0,0,0,0,0,1,1,1,
LV50_Van,5.288,50vt,Cannot be done. Not a good idea,Luganville,1,Rice,Taro,Banana,Buy,Buy,Buy,Month,40000,User Pays,43.87815,Week,Own,-15.51388,167.16592,Shop assistant,Friends,351.0252,1,1,4,No,Sometimes the waste smells when no collected on time,195,1,No idea,Yes,Yes,22/11/2018,5000,,,Stored away,red plastic ,red plastic ,Compost,Full,Burn leaves,1,Sunny,,5000,,1,0,1,1,0,0,0,0,0,0,0,0,0,0,0,0,0,0,0,0,0,0,1,1,1,
LH15_Van,3.525,Agreed to pay 50vt for a prepaid bag,,Lelepa,,Rice,Banana/ manihot,Fish (fresh),Buy,Produce,Produce,Solar,40000,None,43.87815,Week,Own,-17.60097,168.21058,Employment,,351.0252,2 full rice bags/ nets,1,,,,196,0,,Like the idea of CDS/CDL for getting extra income,,,0,Week,,Inland disposal ones,,Dig a hole and dispose of in it,,,Only coconut leaves and plastics,0,,,5000,1000,0,0,0,0,0,0,0,0,0,0,0,0,0,0,0,0,0,0,0,0,0,0,0,0,0,
